timestamp,PDU-L_Current,PDU-L_PowerFactor,PDU-L_Load,PDU-L_Energy,PDU-R_Current,PDU-R_PowerFactor,PDU-R_Load,PDU-R_Energy,IPMI_Current,IPMI_State,Redfish_PowerControl_Current,Redfish_PowerSupplies1_InputWatts,Redfish_PowerSupplies1_OutputWatts,Redfish_PowerSupplies2_InputWatts,Redfish_PowerSupplies2_OutputWatts,Memory_Usage,INTEL-RAPL0_CPU,INTEL-RAPL0_MEM,CPU1,CPU2,CPU3,CPU4,CPU5,CPU6,CPU7,CPU8,CPU9,CPU10,CPU11,CPU12,CPU13,CPU14,CPU15,CPU16,CPU17,CPU18,CPU19,CPU20
10:26:48,380,0.68,60,146572,331,0.9,69,165890,104,64,104,55,45,68,58,4.8,204885320218,37539248442,0.0,0.0,0.0,100.0,100.0,0.0,0.0,0.0,0.0,0.0,0.0,0.0,0.0,0.0,0.0,0.0,0.0,0.0,0.0,0.0
10:26:49,380,0.68,60,146572,333,0.9,69,165890,105,64,104,56,46,69,59,4.8,204900033804,37542408285,0.0,0.0,0.0,100.0,100.0,0.0,0.0,0.0,0.0,0.0,0.0,0.0,0.0,0.0,0.0,0.0,0.0,0.0,0.0,0.0
10:26:49,380,0.68,60,146572,333,0.9,69,165890,105,64,106,56,46,69,59,4.8,204912852741,37545109877,0.0,0.0,0.0,100.0,100.0,0.0,0.0,0.0,0.0,0.0,0.0,0.0,0.0,0.0,0.0,0.0,0.0,0.0,0.0,0.0
10:26:50,380,0.68,60,146572,333,0.9,69,165890,105,64,105,56,46,69,59,4.8,204925619309,37547863777,0.0,0.0,0.0,100.0,100.0,0.0,0.0,0.0,0.0,0.0,0.0,0.0,0.0,0.0,0.0,0.0,0.0,0.0,0.0,0.0
10:26:50,388,0.71,64,146572,333,0.9,69,165890,105,64,105,56,46,69,59,4.8,204947556265,37552541011,0.0,0.0,0.0,100.0,100.0,0.0,0.0,0.0,0.0,0.0,0.0,0.0,0.0,0.0,0.0,0.0,0.0,0.0,0.0,0.0
10:26:51,388,0.71,64,146572,340,0.97,77,165890,104,64,95,56,46,69,59,4.8,204968166381,37555212024,0.0,0.0,0.0,100.0,100.0,0.0,0.0,0.0,0.0,0.0,0.0,0.0,0.0,0.0,0.0,0.0,0.0,0.0,0.0,0.0
10:26:51,388,0.71,64,146572,340,0.97,77,165890,102,64,122,56,46,69,59,4.8,204989241949,37557864850,0.0,0.0,0.0,100.0,100.0,0.0,0.0,0.0,0.0,0.0,0.0,0.0,0.0,0.0,0.0,0.0,0.0,0.0,0.0,0.0
10:26:51,388,0.71,64,146572,340,0.97,77,165890,111,64,135,56,46,69,59,4.8,205010837902,37560572851,0.0,0.0,0.0,100.0,100.0,0.0,0.0,0.0,0.0,0.0,0.0,0.0,0.0,0.0,0.0,0.0,0.0,0.0,0.0,0.0
10:26:51,388,0.71,64,146572,340,0.97,77,165890,118,64,136,56,46,69,59,4.9,205047482889,37565113732,0.0,0.0,0.0,100.0,100.0,0.0,0.0,0.0,0.0,0.0,0.0,0.0,0.0,0.0,0.0,0.0,0.0,0.0,0.0,0.0
10:26:52,388,0.71,64,146572,405,0.91,86,165890,135,64,135,67,57,80,70,4.9,205083653573,37569652173,0.0,0.0,0.0,100.0,100.0,0.0,0.0,0.0,0.0,0.0,0.0,0.0,0.0,0.0,0.0,0.0,0.0,0.0,0.0,0.0
10:26:52,388,0.71,64,146572,405,0.91,86,165890,136,64,136,67,57,80,70,4.9,205105040969,37572331182,0.0,0.0,0.0,100.0,100.0,0.0,0.0,0.0,0.0,0.0,0.0,0.0,0.0,0.0,0.0,0.0,0.0,0.0,0.0,0.0
10:26:53,382,0.68,61,146572,405,0.91,86,165890,136,64,137,67,57,80,70,4.9,205127682269,37575118651,0.0,0.0,0.0,100.0,100.0,0.0,0.0,0.0,0.0,0.0,0.0,0.0,0.0,0.0,0.0,0.0,0.0,0.0,0.0,0.0
10:26:53,382,0.68,61,146572,404,0.92,86,165890,136,64,136,67,57,80,70,4.9,205149517906,37577827323,0.0,0.0,0.0,100.0,100.0,0.0,0.0,0.0,0.0,0.0,0.0,0.0,0.0,0.0,0.0,0.0,0.0,0.0,0.0,0.0
10:26:53,382,0.68,61,146572,404,0.92,86,165890,136,64,139,67,57,80,70,5.6,205173195275,37581448957,0.0,0.0,0.0,100.0,100.0,0.0,0.0,0.0,0.0,0.0,0.0,0.0,0.0,0.0,0.0,0.0,0.0,0.0,0.0,0.0
10:26:54,382,0.68,61,146572,404,0.92,86,165890,138,64,141,67,57,80,70,6.5,205196149134,37585096836,0.0,0.0,0.0,100.0,100.0,0.0,0.0,0.0,0.0,0.0,0.0,0.0,0.0,0.0,0.0,0.0,0.0,0.0,0.0,0.0
10:26:54,386,0.67,60,146572,404,0.92,86,165890,139,64,141,67,57,80,70,7.9,205234463490,37591290851,0.0,0.0,0.0,100.0,100.0,0.0,0.0,0.0,0.0,0.0,0.0,0.0,0.0,0.0,0.0,0.0,0.0,0.0,0.0,0.0
10:26:55,386,0.67,60,146572,419,0.93,90,165891,142,64,141,73,63,89,78,9.4,205273204174,37597567812,0.0,0.0,0.0,100.0,100.0,0.0,0.0,0.0,0.0,0.0,0.0,0.0,0.0,0.0,0.0,0.0,0.0,0.0,0.0,0.0
10:26:55,386,0.67,60,146572,419,0.93,90,165891,142,64,142,73,63,89,78,10.9,205311512853,37603735399,0.0,0.0,0.0,100.0,100.0,0.0,0.0,0.0,0.0,0.0,0.0,0.0,0.0,0.0,0.0,0.0,0.0,0.0,0.0,0.0
10:26:56,382,0.67,59,146572,419,0.93,90,165891,142,64,140,73,63,89,78,12.4,205350169980,37610030610,0.0,0.0,0.0,100.0,100.0,0.0,0.0,0.0,0.0,0.0,0.0,0.0,0.0,0.0,0.0,0.0,0.0,0.0,0.0,0.0
10:26:56,382,0.67,59,146572,418,0.93,90,165891,141,64,142,73,63,89,78,13.4,205375314081,37614070089,0.0,0.0,0.0,100.0,100.0,0.0,0.0,0.0,0.0,0.0,0.0,0.0,0.0,0.0,0.0,0.0,0.0,0.0,0.0,0.0
10:26:57,382,0.67,59,146572,418,0.93,90,165891,141,64,141,73,63,89,78,14.3,205397734556,37617659008,0.0,0.0,0.0,100.0,100.0,0.0,0.0,0.0,0.0,0.0,0.0,0.0,0.0,0.0,0.0,0.0,0.0,0.0,0.0,0.0
10:26:57,386,0.69,62,146572,418,0.93,90,165891,142,64,142,73,63,89,78,15.1,205420345643,37621262026,0.0,0.0,0.0,100.0,100.0,0.0,0.0,0.0,0.0,0.0,0.0,0.0,0.0,0.0,0.0,0.0,9.1,0.0,0.0,0.0
10:26:57,386,0.69,62,146572,419,0.93,90,165891,142,64,141,73,63,89,78,16.0,205442738530,37624837823,0.0,0.0,0.0,100.0,100.0,0.0,0.0,0.0,0.0,0.0,0.0,0.0,0.0,0.0,0.0,0.0,0.0,0.0,0.0,0.0
10:26:57,386,0.69,62,146572,419,0.93,90,165891,142,64,142,74,63,91,79,16.9,205465301949,37628422897,0.0,0.0,0.0,100.0,100.0,0.0,0.0,0.0,0.0,0.0,0.0,0.0,0.0,0.0,0.0,0.0,0.0,0.0,0.0,0.0
10:26:58,386,0.69,62,146572,419,0.93,90,165891,142,64,142,74,63,91,79,17.7,205487851879,37632049535,0.0,0.0,9.1,100.0,100.0,0.0,0.0,0.0,0.0,0.0,0.0,0.0,0.0,0.0,0.0,0.0,0.0,0.0,0.0,0.0
10:26:58,384,0.69,61,146572,419,0.93,90,165891,142,64,141,74,63,91,79,18.6,205510750929,37635745266,0.0,0.0,0.0,100.0,100.0,0.0,0.0,0.0,0.0,0.0,0.0,0.0,0.0,0.0,0.0,0.0,0.0,0.0,0.0,0.0
10:26:58,384,0.69,61,146572,420,0.94,91,165891,141,64,142,74,63,91,79,20.1,205550293492,37642017283,0.0,0.0,0.0,100.0,100.0,0.0,0.0,0.0,0.0,0.0,0.0,0.0,0.0,0.0,0.0,0.0,0.0,0.0,0.0,0.0
10:26:59,384,0.69,61,146572,420,0.94,91,165891,141,64,141,74,63,91,79,21.6,205589527522,37648298700,0.0,0.0,0.0,100.0,100.0,0.0,0.0,0.0,0.0,0.0,0.0,0.0,0.0,0.0,0.0,0.0,0.0,0.0,0.0,0.0
10:27:00,386,0.67,60,146572,420,0.94,91,165891,141,64,141,74,63,91,79,22.6,205616344653,37652594954,0.0,0.0,0.0,100.0,100.0,9.1,0.0,0.0,0.0,0.0,0.0,0.0,0.0,0.0,0.0,0.0,0.0,0.0,0.0,0.0
10:27:00,386,0.67,60,146572,423,0.94,92,165891,141,64,143,74,63,91,79,24.1,205654108961,37658630827,0.0,0.0,0.0,100.0,100.0,0.0,0.0,0.0,0.0,0.0,0.0,0.0,0.0,0.0,0.0,0.0,0.0,0.0,0.0,0.0
10:27:00,386,0.67,60,146572,423,0.94,92,165891,142,64,142,74,63,91,79,24.9,205676889664,37662287190,0.0,0.0,0.0,100.0,100.0,0.0,0.0,0.0,0.0,0.0,0.0,0.0,0.0,0.0,0.0,0.0,0.0,0.0,0.0,9.1
10:27:01,388,0.68,61,146573,423,0.94,92,165891,142,64,142,74,63,91,79,26.4,205715304544,37668370426,0.0,0.0,0.0,100.0,100.0,0.0,0.0,0.0,0.0,0.0,0.0,0.0,0.0,0.0,0.0,0.0,0.0,0.0,0.0,0.0
10:27:01,388,0.68,61,146573,421,0.92,90,165891,142,64,142,74,63,91,79,27.3,205738376994,37672092279,9.1,0.0,0.0,100.0,100.0,0.0,0.0,0.0,0.0,0.0,0.0,0.0,0.0,0.0,0.0,0.0,0.0,0.0,0.0,0.0
10:27:02,388,0.68,61,146573,421,0.92,90,165891,142,64,142,74,63,91,79,28.2,205760894393,37675686142,0.0,0.0,0.0,100.0,100.0,0.0,0.0,0.0,0.0,0.0,0.0,0.0,0.0,0.0,0.0,0.0,0.0,0.0,0.0,0.0
10:27:02,388,0.68,61,146573,421,0.92,90,165891,142,64,141,74,63,91,79,29.0,205783125415,37679205054,0.0,0.0,0.0,100.0,100.0,0.0,0.0,0.0,0.0,0.0,0.0,0.0,0.0,0.0,0.0,0.0,0.0,0.0,0.0,0.0
10:27:02,389,0.66,59,146573,421,0.92,90,165891,142,64,142,74,63,91,79,29.9,205805249443,37682714750,0.0,0.0,0.0,100.0,100.0,0.0,0.0,0.0,0.0,0.0,0.0,0.0,0.0,0.0,0.0,0.0,0.0,0.0,0.0,0.0
10:27:04,386,0.67,59,146573,418,0.93,90,165891,142,64,142,74,63,91,79,34.5,205923813531,37701863199,0.0,0.0,0.0,100.0,100.0,0.0,0.0,0.0,0.0,0.0,0.0,0.0,0.0,0.0,0.0,0.0,0.0,0.0,0.0,0.0
10:27:04,386,0.67,59,146573,418,0.93,90,165891,142,64,142,74,63,91,79,35.3,205946208738,37705422577,0.0,0.0,0.0,100.0,100.0,0.0,0.0,0.0,0.0,0.0,0.0,0.0,0.0,0.0,0.0,0.0,0.0,0.0,0.0,0.0
10:27:04,386,0.67,59,146573,418,0.93,90,165891,142,64,142,74,63,91,79,36.2,205969221740,37709053427,0.0,0.0,0.0,100.0,100.0,0.0,0.0,0.0,0.0,0.0,0.0,0.0,0.0,0.0,0.0,0.0,0.0,0.0,0.0,0.0
10:27:05,383,0.67,59,146573,418,0.93,90,165891,142,64,142,74,63,91,79,37.0,205991733890,37712639295,0.0,0.0,0.0,100.0,100.0,0.0,0.0,0.0,0.0,0.0,0.0,0.0,0.0,0.0,0.0,0.0,9.1,0.0,0.0,0.0
10:27:05,383,0.67,59,146573,419,0.93,90,165891,142,64,141,74,63,91,79,37.9,206015087285,37716372134,0.0,0.0,0.0,100.0,100.0,0.0,0.0,0.0,0.0,0.0,0.0,0.0,0.0,0.0,0.0,0.0,0.0,0.0,0.0,0.0
10:27:05,383,0.67,59,146573,419,0.93,90,165891,142,64,142,74,63,91,79,38.8,206038447210,37720075189,0.0,0.0,0.0,100.0,100.0,0.0,0.0,0.0,0.0,0.0,0.0,0.0,0.0,0.0,0.0,0.0,0.0,0.0,0.0,0.0
10:27:06,383,0.67,59,146573,419,0.93,90,165891,142,64,142,74,63,91,79,39.7,206060651865,37723594345,0.0,0.0,0.0,100.0,100.0,0.0,0.0,0.0,0.0,0.0,0.0,0.0,0.0,0.0,0.0,0.0,0.0,0.0,0.0,0.0
10:27:06,390,0.68,62,146573,419,0.93,90,165891,142,64,142,74,63,91,79,40.5,206083193922,37727179785,0.0,0.0,0.0,100.0,100.0,0.0,0.0,0.0,0.0,0.0,0.0,0.0,0.0,0.0,0.0,0.0,0.0,0.0,0.0,0.0
10:27:06,390,0.68,62,146573,419,0.93,90,165891,142,64,142,74,63,91,79,41.4,206107307630,37731011745,0.0,0.0,0.0,100.0,100.0,0.0,0.0,0.0,0.0,0.0,0.0,0.0,0.0,0.0,0.0,0.0,0.0,0.0,0.0,0.0
10:27:07,390,0.68,62,146573,420,0.93,91,165891,142,64,142,74,63,91,79,42.3,206130633498,37734667559,0.0,0.0,0.0,100.0,100.0,0.0,0.0,0.0,0.0,0.0,0.0,0.0,0.0,0.0,0.0,0.0,0.0,0.0,0.0,0.0
10:27:07,390,0.68,62,146573,420,0.93,91,165891,142,64,141,74,63,91,79,43.2,206153497514,37738295601,0.0,0.0,0.0,100.0,100.0,0.0,0.0,0.0,0.0,0.0,0.0,0.0,0.0,0.0,0.0,0.0,0.0,0.0,0.0,0.0
10:27:07,383,0.68,60,146573,420,0.93,91,165891,142,64,142,74,63,91,79,44.1,206176489887,37741938841,0.0,0.0,0.0,100.0,100.0,0.0,0.0,0.0,0.0,0.0,0.0,0.0,0.0,0.0,0.0,0.0,0.0,0.0,0.0,0.0
10:27:08,383,0.68,60,146573,420,0.93,91,165891,142,64,141,74,63,91,79,44.9,206198821800,37745480275,0.0,0.0,0.0,100.0,100.0,0.0,0.0,0.0,0.0,0.0,0.0,0.0,0.0,0.0,0.0,0.0,0.0,0.0,0.0,0.0
10:27:08,383,0.68,60,146573,419,0.93,91,165891,142,64,143,74,63,91,79,45.8,206221468714,37749045818,0.0,0.0,0.0,100.0,100.0,0.0,0.0,0.0,0.0,0.0,0.0,0.0,0.0,0.0,0.0,0.0,0.0,0.0,0.0,0.0
10:27:08,383,0.68,60,146573,419,0.93,91,165891,142,64,142,74,63,91,79,46.7,206244857021,37752756990,0.0,0.0,0.0,100.0,100.0,0.0,0.0,0.0,0.0,0.0,0.0,0.0,0.0,0.0,0.0,0.0,0.0,0.0,0.0,0.0
10:27:09,383,0.68,60,146573,419,0.93,91,165891,142,64,142,74,63,91,79,47.5,206267793852,37756395469,0.0,0.0,0.0,100.0,100.0,0.0,0.0,0.0,0.0,0.0,0.0,0.0,0.0,0.0,0.0,0.0,0.0,0.0,0.0,0.0
10:27:09,384,0.69,61,146573,419,0.93,91,165891,142,64,142,74,63,91,80,48.4,206290572114,37759984022,0.0,0.0,0.0,100.0,100.0,0.0,0.0,0.0,0.0,0.0,0.0,0.0,0.0,0.0,0.0,0.0,0.0,0.0,0.0,0.0
10:27:09,384,0.69,61,146573,423,0.93,91,165891,142,64,142,74,63,91,80,49.2,206313059849,37763548710,0.0,0.0,0.0,100.0,100.0,0.0,0.0,0.0,0.0,0.0,0.0,0.0,0.0,0.0,0.0,0.0,0.0,0.0,0.0,0.0
10:27:09,384,0.69,61,146573,423,0.93,91,165891,142,64,142,74,63,91,80,50.2,206336902074,37767317316,0.0,0.0,0.0,100.0,100.0,0.0,0.0,0.0,0.0,0.0,0.0,0.0,0.0,0.0,0.0,0.0,0.0,0.0,0.0,0.0
10:27:10,384,0.69,61,146573,423,0.93,91,165891,142,64,142,74,63,91,80,51.1,206360715672,37771110031,0.0,0.0,0.0,100.0,100.0,0.0,0.0,0.0,0.0,0.0,0.0,0.0,0.0,0.0,0.0,0.0,0.0,0.0,0.0,0.0
10:27:10,385,0.68,60,146573,423,0.93,91,165891,142,64,143,74,63,91,80,51.9,206384043188,37774773413,0.0,0.0,0.0,100.0,100.0,0.0,0.0,0.0,0.0,0.0,0.0,0.0,0.0,0.0,0.0,0.0,0.0,0.0,0.0,0.0
10:27:10,385,0.68,60,146573,421,0.93,90,165891,142,64,142,74,63,91,80,52.8,206407122109,37778425259,0.0,0.0,0.0,100.0,100.0,0.0,0.0,0.0,0.0,0.0,0.0,0.0,0.0,0.0,0.0,0.0,0.0,0.0,0.0,0.0
10:27:11,385,0.68,60,146573,421,0.93,90,165891,142,64,142,74,63,91,80,53.7,206429629558,37782002520,0.0,0.0,0.0,100.0,100.0,0.0,0.0,0.0,0.0,0.0,0.0,0.0,0.0,0.0,0.0,0.0,0.0,0.0,0.0,0.0
10:27:11,385,0.68,60,146573,421,0.93,90,165891,142,64,141,74,63,91,80,54.5,206451607835,37785504221,0.0,0.0,0.0,100.0,100.0,0.0,0.0,0.0,0.0,0.0,0.0,0.0,0.0,0.0,0.0,0.0,0.0,0.0,0.0,0.0
10:27:11,388,0.69,62,146573,421,0.93,90,165891,142,64,143,74,63,91,80,55.4,206474633532,37789116333,0.0,0.0,0.0,100.0,100.0,0.0,0.0,0.0,0.0,0.0,0.0,0.0,0.0,0.0,0.0,0.0,0.0,0.0,0.0,0.0
10:27:12,388,0.69,62,146573,421,0.93,90,165891,142,64,142,74,63,91,80,56.3,206498421008,37792897268,0.0,0.0,0.0,100.0,100.0,0.0,0.0,0.0,0.0,0.0,0.0,0.0,0.0,0.0,0.0,0.0,0.0,0.0,0.0,0.0
10:27:12,388,0.69,62,146573,421,0.92,90,165891,142,64,142,74,63,91,80,57.1,206520950125,37796472881,0.0,0.0,0.0,100.0,100.0,0.0,0.0,0.0,0.0,0.0,0.0,0.0,0.0,0.0,0.0,0.0,0.0,0.0,0.0,0.0
10:27:12,388,0.69,62,146573,421,0.92,90,165891,142,64,142,74,63,91,80,58.0,206544217766,37800138338,0.0,0.0,0.0,100.0,100.0,0.0,0.0,0.0,0.0,0.0,0.0,0.0,0.0,0.0,0.0,0.0,0.0,0.0,0.0,0.0
10:27:13,388,0.68,61,146573,421,0.92,90,165891,142,64,142,74,63,91,80,58.9,206567119502,37803771508,0.0,0.0,0.0,100.0,100.0,0.0,0.0,0.0,0.0,0.0,0.0,0.0,0.0,0.0,0.0,0.0,0.0,0.0,0.0,0.0
10:27:13,388,0.68,61,146573,421,0.92,90,165891,142,64,142,74,63,91,80,59.7,206589549132,37807339614,0.0,0.0,0.0,100.0,100.0,0.0,0.0,0.0,0.0,0.0,0.0,0.0,0.0,0.0,0.0,0.0,0.0,0.0,0.0,0.0
10:27:13,388,0.68,61,146573,421,0.93,91,165891,142,64,142,74,63,91,80,60.6,206612338746,37810964727,0.0,0.0,0.0,100.0,100.0,0.0,0.0,9.1,0.0,0.0,0.0,0.0,0.0,0.0,0.0,0.0,0.0,0.0,0.0,0.0
10:27:14,388,0.68,61,146573,421,0.93,91,165891,142,64,143,74,63,91,80,61.5,206635358951,37814591976,0.0,0.0,0.0,100.0,100.0,0.0,0.0,0.0,0.0,0.0,0.0,0.0,0.0,0.0,0.0,0.0,0.0,0.0,0.0,0.0
10:27:14,388,0.68,61,146573,421,0.93,91,165891,143,64,142,74,63,91,80,62.4,206659664797,37818439683,0.0,0.0,0.0,100.0,100.0,0.0,0.0,0.0,0.0,0.0,0.0,0.0,0.0,0.0,0.0,0.0,0.0,0.0,0.0,0.0
10:27:14,383,0.66,58,146573,421,0.93,91,165891,143,64,142,74,63,91,80,63.3,206682599919,37822091407,0.0,0.0,0.0,100.0,100.0,0.0,0.0,0.0,0.0,0.0,0.0,0.0,0.0,0.0,0.0,0.0,0.0,0.0,0.0,0.0
10:27:15,383,0.66,58,146573,421,0.93,91,165891,142,64,142,74,64,91,80,64.1,206705178780,37825662199,0.0,0.0,0.0,100.0,100.0,0.0,0.0,0.0,0.0,0.0,0.0,0.0,0.0,0.0,0.0,0.0,0.0,0.0,0.0,0.0
10:27:15,383,0.66,58,146573,421,0.93,91,165891,142,64,144,74,64,91,80,65.0,206728389780,37829319660,0.0,0.0,0.0,100.0,100.0,0.0,0.0,0.0,0.0,0.0,0.0,0.0,0.0,0.0,0.0,0.0,0.0,0.0,0.0,0.0
10:27:15,383,0.66,58,146573,421,0.93,91,165891,143,64,142,74,64,91,80,65.8,206750894849,37832879404,0.0,0.0,0.0,100.0,100.0,0.0,0.0,0.0,0.0,0.0,0.0,0.0,0.0,0.0,0.0,0.0,0.0,0.0,0.0,0.0
10:27:15,389,0.69,62,146573,421,0.93,91,165891,143,64,142,74,64,91,80,66.7,206773539689,37836461365,0.0,0.0,0.0,100.0,100.0,0.0,0.0,0.0,0.0,0.0,0.0,0.0,0.0,0.0,0.0,0.0,0.0,0.0,0.0,0.0
10:27:16,389,0.69,62,146573,423,0.93,91,165891,143,64,142,74,64,91,80,67.6,206795933369,37840002067,0.0,0.0,0.0,100.0,100.0,0.0,0.0,0.0,0.0,0.0,0.0,0.0,0.0,0.0,0.0,0.0,0.0,0.0,0.0,0.0
10:27:16,389,0.69,62,146573,423,0.93,91,165891,142,64,144,74,64,91,80,68.0,206819937702,37843741193,0.0,0.0,9.1,100.0,100.0,0.0,0.0,0.0,0.0,0.0,0.0,0.0,0.0,0.0,0.0,0.0,0.0,0.0,0.0,0.0
10:27:16,389,0.69,62,146573,423,0.93,91,165891,142,64,142,74,64,91,80,59.1,206842982382,37846702611,0.0,0.0,0.0,100.0,100.0,0.0,0.0,0.0,0.0,0.0,0.0,0.0,0.0,0.0,0.0,0.0,0.0,0.0,0.0,0.0
10:27:17,388,0.68,61,146573,423,0.93,91,165891,143,64,144,74,64,91,80,47.7,206866475486,37849691007,0.0,0.0,0.0,100.0,100.0,0.0,0.0,0.0,0.0,0.0,0.0,0.0,0.0,0.0,0.0,0.0,0.0,0.0,0.0,0.0
10:27:17,388,0.68,61,146573,423,0.93,91,165891,143,64,145,74,64,91,80,36.2,206890878378,37852732747,0.0,0.0,0.0,100.0,100.0,0.0,0.0,0.0,0.0,0.0,0.0,0.0,0.0,0.0,0.0,0.0,0.0,0.0,0.0,0.0
10:27:17,388,0.68,61,146573,424,0.94,93,165891,145,64,146,75,64,92,81,24.6,206915394306,37855828076,0.0,0.0,0.0,100.0,100.0,0.0,0.0,0.0,0.0,0.0,0.0,0.0,0.0,0.0,0.0,0.0,0.0,0.0,0.0,0.0
10:27:18,388,0.68,61,146573,424,0.94,93,165891,145,64,148,75,64,92,81,13.5,206938618612,37858771672,0.0,0.0,0.0,100.0,100.0,0.0,0.0,0.0,0.0,0.0,0.0,0.0,0.0,0.0,0.0,0.0,0.0,0.0,0.0,0.0
10:27:18,384,0.67,60,146573,424,0.94,93,165891,147,64,147,75,64,92,81,5.0,206960795252,37861659604,0.0,0.0,0.0,10.0,0.0,0.0,0.0,0.0,0.0,0.0,0.0,0.0,0.0,0.0,0.0,0.0,0.0,0.0,0.0,0.0
10:27:18,384,0.67,60,146573,424,0.94,93,165891,146,64,125,75,64,92,81,4.8,206977278425,37864526357,0.0,0.0,0.0,0.0,0.0,0.0,0.0,0.0,0.0,0.0,0.0,0.0,0.0,0.0,0.0,0.0,0.0,0.0,0.0,0.0
10:27:19,384,0.67,60,146573,351,0.87,71,165891,135,64,105,75,64,92,81,4.8,206988968458,37867278242,0.0,0.0,0.0,0.0,0.0,0.0,0.0,0.0,0.0,0.0,0.0,0.0,0.0,0.0,0.0,0.0,9.1,0.0,0.0,0.0
10:27:19,384,0.67,60,146573,351,0.87,71,165891,118,64,105,75,64,92,81,4.8,207000902693,37870049475,0.0,0.0,0.0,0.0,0.0,0.0,0.0,0.0,0.0,0.0,0.0,0.0,0.0,0.0,0.0,0.0,0.0,0.0,0.0,0.0
10:27:19,385,0.69,62,146573,351,0.87,71,165891,111,64,105,75,64,92,81,4.8,207013152234,37872910735,0.0,0.0,0.0,0.0,0.0,0.0,0.0,0.0,0.0,0.0,0.0,0.0,0.0,0.0,0.0,0.0,0.0,0.0,0.0,0.0
10:27:20,385,0.69,62,146573,351,0.87,71,165891,104,64,104,75,64,92,81,4.8,207024912763,37875611473,0.0,0.0,0.0,0.0,0.0,0.0,0.0,0.0,0.0,0.0,0.0,0.0,0.0,0.0,0.0,0.0,0.0,0.0,0.0,0.0
10:27:20,385,0.69,62,146573,329,0.9,68,165891,104,64,101,75,64,92,81,4.8,207036197525,37878229935,0.0,0.0,0.0,0.0,0.0,0.0,0.0,0.0,0.0,0.0,0.0,0.0,0.0,0.0,0.0,0.0,0.0,0.0,0.0,0.0
10:27:20,385,0.69,62,146573,329,0.9,68,165891,102,64,102,61,49,74,62,4.8,207048498152,37881069406,0.0,0.0,0.0,0.0,0.0,0.0,0.0,0.0,0.0,0.0,0.0,0.0,0.0,0.0,0.0,0.0,0.0,0.0,0.0,0.0
-
10:27:26,384,0.67,59,146573,326,0.89,67,165891,104,64,105,55,45,68,58,4.8,207268803496,37931122683,0.0,0.0,100.0,100.0,0.0,0.0,0.0,0.0,0.0,0.0,0.0,0.0,0.0,0.0,0.0,0.0,0.0,0.0,0.0,0.0
10:27:26,384,0.67,59,146573,326,0.89,67,165891,105,64,106,55,45,68,58,4.8,207290678563,37935726614,0.0,0.0,100.0,100.0,0.0,0.0,0.0,0.0,0.0,0.0,0.0,0.0,0.0,0.0,0.0,0.0,0.0,0.0,0.0,0.0
10:27:27,384,0.67,59,146573,335,0.9,69,165891,105,64,105,55,45,68,58,4.8,207303832826,37938540633,0.0,0.0,100.0,100.0,0.0,0.0,0.0,0.0,0.0,0.0,0.0,0.0,0.0,0.0,0.0,0.0,0.0,0.0,0.0,0.0
10:27:27,388,0.67,60,146573,335,0.9,69,165891,105,64,105,55,45,68,58,4.8,207317496670,37941453956,0.0,0.0,100.0,100.0,0.0,0.0,0.0,0.0,0.0,0.0,0.0,0.0,0.0,0.0,0.0,0.0,0.0,0.0,0.0,0.0
10:27:28,388,0.67,60,146573,335,0.9,69,165891,105,64,92,55,45,68,58,4.8,207338804599,37944354156,0.0,0.0,100.0,100.0,0.0,0.0,0.0,0.0,0.0,0.0,0.0,0.0,0.0,0.0,0.0,0.0,0.0,0.0,0.0,0.0
10:27:28,388,0.67,60,146573,398,0.94,87,165891,102,64,113,55,45,68,58,4.8,207375553528,37948924151,0.0,0.0,100.0,100.0,0.0,0.0,0.0,0.0,0.0,0.0,0.0,0.0,0.0,0.0,0.0,0.0,0.0,0.0,0.0,0.0
10:27:28,388,0.67,60,146573,398,0.94,87,165891,116,64,136,55,45,68,58,4.8,207396891731,37951569347,9.1,0.0,100.0,100.0,0.0,0.0,0.0,0.0,0.0,0.0,0.0,0.0,0.0,0.0,0.0,0.0,0.0,0.0,0.0,0.0
10:27:29,387,0.68,61,146573,398,0.94,87,165891,131,64,138,65,54,78,67,4.8,207419901926,37954381840,0.0,0.0,100.0,100.0,0.0,9.1,0.0,0.0,0.0,0.0,0.0,0.0,0.0,0.0,0.0,0.0,0.0,0.0,0.0,0.0
10:27:29,387,0.68,61,146573,402,0.92,86,165891,136,64,136,65,54,78,67,4.9,207457767734,37959063163,9.1,0.0,100.0,100.0,0.0,0.0,0.0,0.0,0.0,0.0,0.0,0.0,0.0,0.0,0.0,0.0,0.0,0.0,0.0,0.0
10:27:30,387,0.68,61,146573,402,0.92,86,165891,137,64,138,65,54,78,67,4.9,207480423011,37961855759,9.1,0.0,100.0,100.0,0.0,0.0,0.0,0.0,0.0,0.0,0.0,0.0,0.0,0.0,0.0,0.0,0.0,0.0,0.0,0.0
10:27:30,387,0.68,61,146573,402,0.92,86,165891,137,64,138,65,54,78,67,4.9,207517455387,37966407749,0.0,0.0,100.0,100.0,0.0,0.0,0.0,0.0,0.0,0.0,0.0,0.0,0.0,0.0,0.0,0.0,0.0,0.0,0.0,0.0
10:27:30,385,0.68,61,146573,410,0.92,87,165891,138,64,138,65,54,78,67,4.9,207539646309,37969176480,9.1,0.0,100.0,100.0,0.0,0.0,0.0,0.0,0.0,0.0,0.0,0.0,0.0,0.0,0.0,0.0,0.0,0.0,0.0,0.0
10:27:31,385,0.68,61,146573,410,0.92,87,165891,138,64,142,65,54,78,67,5.4,207563370613,37972594562,0.0,0.0,100.0,100.0,0.0,0.0,0.0,0.0,0.0,0.0,0.0,0.0,0.0,0.0,0.0,0.0,0.0,0.0,0.0,0.0
10:27:31,385,0.68,61,146573,410,0.92,87,165891,139,64,145,65,54,78,67,6.2,207586127391,37976194955,0.0,0.0,100.0,100.0,0.0,0.0,0.0,0.0,0.0,0.0,0.0,0.0,0.0,0.0,0.0,0.0,0.0,0.0,0.0,0.0
10:27:31,394,0.71,65,146573,410,0.92,87,165891,141,64,142,73,62,88,78,7.1,207608583510,37979781982,0.0,0.0,100.0,100.0,0.0,0.0,0.0,0.0,0.0,0.0,0.0,0.0,0.0,0.0,0.0,0.0,0.0,0.0,0.0,0.0
10:27:32,394,0.71,65,146573,410,0.92,87,165891,142,64,143,73,62,88,78,7.9,207630914996,37983344168,0.0,0.0,100.0,100.0,0.0,0.0,0.0,0.0,0.0,0.0,0.0,0.0,0.0,0.0,0.0,0.0,0.0,0.0,0.0,0.0
10:27:32,394,0.71,65,146573,422,0.93,91,165891,143,64,142,73,62,88,78,8.8,207654711749,37987141522,0.0,0.0,100.0,100.0,0.0,0.0,0.0,0.0,0.0,0.0,0.0,0.0,0.0,0.0,0.0,0.0,0.0,0.0,0.0,0.0
10:27:32,394,0.71,65,146573,422,0.93,91,165891,143,64,142,73,62,88,78,9.7,207678261188,37990897005,0.0,0.0,100.0,100.0,0.0,0.0,0.0,0.0,0.0,0.0,0.0,0.0,0.0,0.0,0.0,0.0,0.0,0.0,0.0,0.0
10:27:33,388,0.7,63,146573,422,0.93,91,165891,143,64,142,73,62,88,78,10.6,207701491415,37994611290,0.0,0.0,100.0,100.0,0.0,0.0,0.0,0.0,0.0,0.0,0.0,0.0,0.0,0.0,0.0,0.0,0.0,0.0,0.0,0.0
10:27:33,388,0.7,63,146573,422,0.93,91,165891,143,64,143,73,62,88,78,11.5,207723438502,37998110061,0.0,0.0,100.0,100.0,0.0,0.0,0.0,0.0,0.0,0.0,0.0,0.0,0.0,0.0,0.0,0.0,0.0,0.0,0.0,0.0
10:27:33,388,0.7,63,146573,422,0.93,91,165891,143,64,144,73,62,88,78,12.9,207761779712,38004187438,0.0,0.0,100.0,100.0,0.0,0.0,0.0,0.0,0.0,0.0,0.0,0.0,0.0,0.0,0.0,0.0,0.0,0.0,0.0,0.0
10:27:34,388,0.7,63,146573,422,0.93,91,165891,143,64,143,73,62,88,78,13.8,207784214531,38007798207,0.0,0.0,100.0,100.0,0.0,0.0,0.0,0.0,0.0,0.0,0.0,0.0,0.0,0.0,0.0,0.0,0.0,0.0,0.0,0.0
10:27:34,383,0.67,59,146573,422,0.93,91,165891,143,64,143,75,64,91,80,14.7,207807282465,38011457377,0.0,0.0,100.0,100.0,0.0,0.0,0.0,0.0,0.0,0.0,0.0,0.0,0.0,0.0,0.0,0.0,0.0,0.0,0.0,0.0
10:27:34,383,0.67,59,146573,422,0.93,91,165891,143,64,144,75,64,91,80,16.2,207846564408,38017675257,0.0,0.0,100.0,100.0,0.0,0.0,0.0,0.0,0.0,0.0,0.0,0.0,0.0,0.0,0.0,0.0,0.0,0.0,0.0,0.0
10:27:35,383,0.67,59,146573,423,0.93,91,165891,143,64,142,75,64,91,80,17.6,207884962564,38023880869,0.0,0.0,100.0,100.0,0.0,0.0,0.0,0.0,0.0,0.0,0.0,0.0,0.0,0.0,0.0,0.0,0.0,0.0,0.0,0.0
10:27:35,388,0.68,61,146573,423,0.93,91,165891,143,64,143,75,64,91,80,19.1,207922816959,38029939203,0.0,0.0,100.0,100.0,0.0,0.0,0.0,0.0,0.0,0.0,0.0,0.0,0.0,0.0,0.0,0.0,0.0,0.0,0.0,0.0
10:27:36,388,0.68,61,146573,425,0.93,91,165892,143,64,142,75,64,91,80,20.5,207960546782,38035993692,0.0,0.0,100.0,100.0,0.0,0.0,0.0,0.0,0.0,0.0,0.0,0.0,0.0,0.0,0.0,0.0,0.0,0.0,0.0,0.0
10:27:36,388,0.68,61,146573,425,0.93,91,165892,143,64,142,75,64,91,80,22.0,207999261954,38042161278,0.0,0.0,100.0,100.0,0.0,0.0,0.0,0.0,0.0,0.0,0.0,0.0,0.0,0.0,0.0,0.0,0.0,0.0,0.0,0.0
10:27:37,381,0.67,60,146573,422,0.93,91,165892,143,64,143,75,64,91,80,22.9,208023580129,38046034193,0.0,0.0,100.0,100.0,0.0,0.0,0.0,0.0,0.0,0.0,0.0,0.0,0.0,0.0,0.0,0.0,0.0,0.0,0.0,0.0
10:27:37,381,0.67,60,146573,422,0.93,91,165892,143,64,143,75,64,91,80,23.8,208046020745,38049618779,0.0,0.0,100.0,100.0,0.0,0.0,0.0,0.0,0.0,0.0,0.0,0.0,0.0,0.0,0.0,0.0,0.0,0.0,0.0,0.0
10:27:38,381,0.67,60,146573,422,0.93,91,165892,143,64,143,75,64,91,80,24.7,208068630550,38053203181,0.0,0.0,100.0,100.0,0.0,0.0,0.0,0.0,0.0,0.0,0.0,0.0,0.0,0.0,0.0,0.0,0.0,0.0,0.0,0.0
10:27:38,390,0.69,62,146573,422,0.93,91,165892,143,64,143,75,64,91,80,25.6,208092796321,38057011155,0.0,0.0,100.0,100.0,0.0,0.0,0.0,0.0,0.0,0.0,0.0,0.0,0.0,0.0,0.0,0.0,0.0,0.0,0.0,0.0
10:27:38,390,0.69,62,146573,422,0.93,91,165892,143,64,143,75,64,91,80,26.4,208115401488,38060628760,0.0,0.0,100.0,100.0,0.0,0.0,0.0,0.0,0.0,0.0,0.0,0.0,0.0,0.0,0.0,0.0,0.0,0.0,0.0,0.0
10:27:39,390,0.69,62,146573,422,0.93,91,165892,143,64,143,75,64,91,80,27.3,208138209230,38064263517,0.0,0.0,100.0,100.0,0.0,0.0,0.0,0.0,0.0,0.0,0.0,0.0,0.0,0.0,0.0,0.0,0.0,0.0,0.0,0.0
10:27:39,390,0.69,62,146573,422,0.93,91,165892,143,64,143,75,64,91,80,28.7,208176569117,38070313367,0.0,0.0,100.0,100.0,0.0,0.0,0.0,0.0,0.0,0.0,0.0,0.0,0.0,0.0,0.0,0.0,0.0,0.0,0.0,0.0
10:27:39,382,0.67,59,146573,422,0.93,91,165892,143,64,143,75,64,91,80,30.2,208215261034,38076508175,0.0,0.0,100.0,100.0,0.0,0.0,0.0,0.0,0.0,0.0,0.0,0.0,0.0,0.0,0.0,0.0,0.0,0.0,0.0,0.0
10:27:40,382,0.67,59,146573,423,0.93,91,165892,143,64,142,75,64,91,80,31.1,208238004140,38080184313,0.0,0.0,100.0,100.0,0.0,0.0,0.0,0.0,0.0,0.0,0.0,0.0,0.0,0.0,0.0,0.0,0.0,0.0,0.0,0.0
10:27:40,382,0.67,59,146573,423,0.93,91,165892,143,64,145,75,64,91,80,32.5,208276352431,38086269198,0.0,0.0,100.0,100.0,0.0,0.0,0.0,0.0,0.0,0.0,0.0,0.0,0.0,0.0,0.0,0.0,0.0,0.0,0.0,0.0
10:27:41,389,0.7,63,146573,423,0.93,91,165892,143,64,142,75,64,91,80,33.4,208299986342,38090061974,0.0,0.0,100.0,100.0,0.0,0.0,0.0,0.0,0.0,0.0,0.0,0.0,0.0,0.0,0.0,0.0,0.0,0.0,0.0,0.0
10:27:41,389,0.7,63,146573,423,0.94,92,165892,143,64,144,75,64,91,80,34.3,208322653032,38093680006,0.0,0.0,100.0,100.0,0.0,0.0,0.0,0.0,0.0,0.0,0.0,0.0,0.0,0.0,0.0,0.0,0.0,0.0,0.0,0.0
10:27:41,389,0.7,63,146573,423,0.94,92,165892,143,64,143,75,64,91,80,35.2,208345288656,38097239873,0.0,0.0,100.0,100.0,0.0,0.0,0.0,0.0,0.0,0.0,0.0,0.0,0.0,0.0,0.0,0.0,0.0,0.0,0.0,0.0
10:27:42,389,0.7,63,146573,423,0.94,92,165892,143,64,143,75,64,91,80,36.6,208383195480,38103289357,0.0,0.0,100.0,100.0,0.0,0.0,0.0,0.0,0.0,0.0,0.0,0.0,0.0,0.0,0.0,0.0,0.0,0.0,0.0,0.0
10:27:42,388,0.68,62,146573,423,0.94,92,165892,143,64,143,75,64,91,80,37.6,208409011942,38107397684,0.0,0.0,100.0,100.0,0.0,0.0,0.0,0.0,0.0,0.0,0.0,0.0,0.0,0.0,0.0,0.0,0.0,0.0,0.0,0.0
10:27:43,388,0.68,62,146573,421,0.93,91,165892,143,64,144,75,64,91,80,38.4,208431646406,38110978241,0.0,0.0,100.0,100.0,0.0,0.0,0.0,0.0,0.0,0.0,0.0,0.0,0.0,0.0,0.0,0.0,0.0,0.0,0.0,0.0
10:27:43,388,0.68,62,146573,421,0.93,91,165892,143,64,142,75,64,91,80,39.4,208455485273,38114789449,0.0,0.0,100.0,100.0,0.0,0.0,0.0,0.0,0.0,0.0,0.0,0.0,0.0,0.0,0.0,0.0,0.0,0.0,0.0,0.0
10:27:43,378,0.66,58,146573,421,0.93,91,165892,143,64,143,75,64,91,80,40.2,208478537948,38118445141,0.0,0.0,100.0,100.0,0.0,0.0,0.0,0.0,0.0,0.0,0.0,0.0,0.0,0.0,0.0,0.0,0.0,0.0,0.0,0.0
10:27:44,378,0.66,58,146573,421,0.93,91,165892,143,64,143,75,64,91,80,41.1,208501610338,38122090456,0.0,0.0,100.0,100.0,0.0,0.0,0.0,0.0,0.0,0.0,0.0,0.0,0.0,0.0,0.0,0.0,0.0,0.0,0.0,0.0
10:27:44,378,0.66,58,146573,425,0.94,93,165892,144,64,143,75,64,91,80,42.6,208540089976,38128217027,0.0,0.0,100.0,100.0,0.0,0.0,0.0,0.0,0.0,0.0,0.0,0.0,0.0,0.0,0.0,0.0,0.0,0.0,0.0,0.0
10:27:44,378,0.66,58,146573,425,0.94,93,165892,144,64,143,75,64,91,80,43.5,208563278881,38131903907,0.0,0.0,100.0,100.0,0.0,0.0,0.0,0.0,0.0,0.0,0.0,0.0,0.0,0.0,0.0,0.0,0.0,0.0,0.0,0.0
10:27:45,388,0.68,61,146573,425,0.94,93,165892,143,64,143,75,64,91,80,44.3,208585621109,38135432524,0.0,0.0,100.0,100.0,0.0,0.0,0.0,0.0,0.0,0.0,9.1,0.0,0.0,0.0,0.0,0.0,0.0,0.0,0.0,0.0
10:27:45,388,0.68,61,146573,424,0.93,91,165892,143,64,143,75,64,91,80,45.8,208623825357,38141496595,0.0,0.0,100.0,100.0,0.0,0.0,0.0,0.0,0.0,0.0,0.0,0.0,0.0,0.0,0.0,0.0,0.0,0.0,0.0,0.0
10:27:46,388,0.68,61,146573,424,0.93,91,165892,143,64,143,75,64,92,80,47.3,208662465944,38147669187,0.0,0.0,100.0,100.0,0.0,0.0,0.0,0.0,0.0,0.0,0.0,0.0,0.0,0.0,0.0,0.0,0.0,0.0,0.0,0.0
10:27:46,382,0.67,59,146573,424,0.93,91,165892,143,64,144,75,64,92,80,48.1,208685200017,38151276844,0.0,0.0,100.0,100.0,0.0,0.0,0.0,0.0,0.0,0.0,0.0,0.0,0.0,0.0,0.0,0.0,0.0,0.0,0.0,0.0
10:27:46,382,0.67,59,146573,423,0.93,91,165892,143,64,143,75,64,92,80,49.0,208707993355,38154933939,0.0,0.0,100.0,100.0,0.0,0.0,0.0,0.0,0.0,0.0,0.0,0.0,0.0,0.0,0.0,0.0,0.0,0.0,0.0,0.0
10:27:47,382,0.67,59,146573,423,0.93,91,165892,143,64,142,75,64,92,80,50.5,208746651337,38161081140,0.0,0.0,100.0,100.0,0.0,0.0,0.0,0.0,0.0,0.0,0.0,0.0,0.0,0.0,0.0,0.0,0.0,0.0,0.0,0.0
10:27:47,384,0.67,59,146573,423,0.93,91,165892,142,64,143,75,64,92,80,51.3,208769306979,38164679763,0.0,0.0,100.0,100.0,0.0,0.0,0.0,0.0,0.0,0.0,0.0,0.0,0.0,0.0,0.0,0.0,0.0,0.0,0.0,0.0
10:27:48,384,0.67,59,146573,423,0.93,91,165892,143,64,143,75,64,92,80,52.8,208807964778,38170877379,0.0,0.0,100.0,100.0,0.0,0.0,0.0,0.0,0.0,0.0,0.0,0.0,0.0,0.0,0.0,0.0,0.0,0.0,0.0,0.0
10:27:48,384,0.67,59,146573,422,0.93,91,165892,143,64,143,75,64,92,80,54.3,208846611530,38177065474,0.0,0.0,100.0,100.0,0.0,0.0,0.0,0.0,0.0,0.0,0.0,0.0,0.0,0.0,0.0,0.0,0.0,0.0,0.0,0.0
10:27:49,383,0.68,61,146573,422,0.93,91,165892,143,64,143,75,64,92,80,55.8,208885162884,38183250334,0.0,0.0,100.0,100.0,0.0,0.0,0.0,0.0,0.0,0.0,0.0,0.0,0.0,0.0,0.0,0.0,0.0,0.0,0.0,0.0
10:27:49,383,0.68,61,146573,422,0.93,91,165892,143,64,143,75,64,92,80,56.6,208907573227,38186823567,0.0,0.0,100.0,100.0,0.0,0.0,0.0,0.0,0.0,0.0,0.0,0.0,0.0,0.0,0.0,0.0,0.0,0.0,0.0,0.0
10:27:49,383,0.68,61,146573,422,0.93,91,165892,143,64,143,75,64,92,80,58.1,208946037179,38192926273,0.0,0.0,100.0,100.0,0.0,0.0,0.0,0.0,0.0,0.0,0.0,0.0,0.0,0.0,0.0,0.0,0.0,0.0,0.0,0.0
10:27:50,390,0.68,61,146573,422,0.93,91,165892,143,64,142,75,64,92,80,58.9,208968033766,38196452143,0.0,0.0,100.0,100.0,0.0,0.0,0.0,0.0,0.0,0.0,0.0,0.0,0.0,0.0,0.0,0.0,0.0,0.0,0.0,0.0
10:27:50,390,0.68,61,146573,422,0.93,91,165892,143,64,142,75,64,92,80,59.8,208990496660,38200020982,0.0,0.0,100.0,100.0,0.0,0.0,0.0,0.0,0.0,0.0,0.0,0.0,0.0,0.0,0.0,0.0,0.0,0.0,0.0,0.0
10:27:51,390,0.68,61,146573,421,0.93,91,165892,143,64,143,75,64,92,80,60.7,209013529560,38203652686,0.0,0.0,100.0,100.0,0.0,0.0,0.0,0.0,0.0,0.0,0.0,0.0,0.0,0.0,0.0,0.0,0.0,0.0,0.0,0.0
10:27:51,390,0.68,61,146573,421,0.93,91,165892,143,64,143,75,64,92,80,62.2,209052814982,38209902487,0.0,0.0,100.0,100.0,0.0,0.0,0.0,0.0,0.0,0.0,0.0,0.0,0.0,0.0,0.0,0.0,0.0,0.0,0.0,0.0
10:27:51,390,0.7,63,146573,421,0.93,91,165892,143,64,143,75,64,92,80,63.7,209092303406,38216164190,0.0,0.0,100.0,100.0,0.0,0.0,0.0,0.0,0.0,0.0,0.0,0.0,0.0,0.0,0.0,0.0,0.0,0.0,0.0,0.0
10:27:52,390,0.7,63,146573,422,0.94,92,165892,143,64,144,75,64,92,80,65.1,209130325159,38222213613,0.0,0.0,100.0,100.0,0.0,0.0,0.0,0.0,0.0,0.0,0.0,0.0,0.0,0.0,0.0,0.0,0.0,0.0,0.0,0.0
10:27:52,390,0.7,63,146573,422,0.94,92,165892,143,64,143,75,64,92,80,66.0,209152968717,38225850322,0.0,0.0,100.0,100.0,0.0,0.0,0.0,0.0,0.0,0.0,0.0,0.0,0.0,0.0,0.0,0.0,0.0,0.0,0.0,0.0
10:27:53,383,0.66,58,146573,422,0.94,92,165892,143,64,142,75,64,92,80,67.5,209193058214,38232257044,0.0,0.0,100.0,100.0,0.0,0.0,0.0,0.0,0.0,0.0,0.0,0.0,0.0,0.0,0.0,0.0,0.0,0.0,0.0,0.0
10:27:53,383,0.66,58,146573,425,0.93,91,165892,143,64,142,75,64,92,80,68.3,209215454824,38235868851,0.0,0.0,100.0,100.0,0.0,0.0,0.0,0.0,0.0,0.0,0.0,0.0,0.0,0.0,0.0,0.0,0.0,0.0,0.0,0.0
10:27:54,383,0.66,58,146573,425,0.93,91,165892,143,64,147,75,64,92,80,63.0,209238231011,38239452216,0.0,0.0,100.0,100.0,0.0,0.0,0.0,0.0,0.0,0.0,0.0,0.0,0.0,0.0,0.0,0.0,0.0,0.0,0.0,0.0
10:27:54,390,0.68,61,146573,425,0.93,91,165892,145,64,146,75,64,92,81,52.1,209277997877,38245606680,9.1,0.0,100.0,100.0,0.0,0.0,0.0,0.0,0.0,0.0,0.0,0.0,0.0,0.0,0.0,0.0,0.0,0.0,0.0,0.0
10:27:54,390,0.68,61,146573,430,0.94,94,165892,147,64,147,75,64,92,81,41.0,209318562836,38251931127,10.0,0.0,100.0,100.0,0.0,0.0,0.0,0.0,0.0,0.0,0.0,0.0,0.0,0.0,0.0,0.0,0.0,0.0,0.0,0.0
10:27:55,390,0.68,61,146573,430,0.94,94,165892,148,64,147,75,64,92,81,36.6,209342936065,38255808131,0.0,0.0,0.0,100.0,0.0,0.0,0.0,0.0,0.0,0.0,0.0,0.0,0.0,0.0,0.0,0.0,0.0,0.0,0.0,0.0
10:27:55,386,0.66,59,146573,430,0.94,94,165892,146,64,138,75,64,92,81,36.6,209363849891,38259273027,0.0,0.0,0.0,100.0,0.0,0.0,0.0,0.0,0.0,0.0,0.0,0.0,0.0,0.0,0.0,0.0,0.0,0.0,0.0,0.0
10:27:56,386,0.66,59,146573,430,0.94,94,165892,144,64,138,75,64,92,81,36.6,209385176924,38262817818,0.0,0.0,0.0,100.0,0.0,0.0,0.0,0.0,0.0,0.0,0.0,0.0,0.0,0.0,0.0,0.0,0.0,0.0,0.0,0.0
10:27:56,386,0.66,59,146573,408,0.92,87,165892,140,64,136,75,64,92,81,36.6,209420394485,38268668633,0.0,0.0,0.0,100.0,0.0,0.0,0.0,0.0,0.0,0.0,0.0,0.0,0.0,0.0,0.0,0.0,0.0,0.0,0.0,0.0
10:27:57,386,0.66,59,146573,408,0.92,87,165892,138,64,138,75,64,92,81,36.6,209441368919,38272131149,0.0,0.0,0.0,100.0,0.0,0.0,0.0,0.0,0.0,0.0,0.0,0.0,0.0,0.0,0.0,0.0,0.0,0.0,0.0,0.0
10:27:57,386,0.69,62,146573,408,0.92,87,165892,137,64,137,74,63,89,78,36.6,209461732453,38275510290,0.0,0.0,0.0,100.0,0.0,0.0,0.0,0.0,0.0,0.0,0.0,0.0,0.0,0.0,0.0,0.0,0.0,0.0,0.0,0.0
10:27:57,386,0.69,62,146573,406,0.93,87,165892,137,64,136,74,63,89,78,36.6,209482538186,38278965970,0.0,0.0,0.0,100.0,0.0,0.0,0.0,0.0,0.0,0.0,0.0,0.0,0.0,0.0,0.0,0.0,0.0,0.0,0.0,0.0
10:27:57,386,0.69,62,146573,406,0.93,87,165892,137,64,137,74,63,89,78,36.6,209503244554,38282370258,0.0,0.0,0.0,100.0,0.0,0.0,0.0,0.0,0.0,0.0,0.0,0.0,0.0,0.0,0.0,0.0,0.0,0.0,0.0,0.0
10:27:58,386,0.69,62,146573,406,0.93,87,165892,137,64,138,74,63,89,78,36.6,209525225149,38286013864,0.0,0.0,0.0,100.0,0.0,0.0,0.0,0.0,0.0,0.0,0.0,0.0,0.0,0.0,0.0,0.0,0.0,0.0,0.0,0.0
10:27:58,384,0.68,60,146573,406,0.93,87,165892,137,64,137,74,63,89,78,36.6,209546188108,38289496705,0.0,0.0,0.0,100.0,0.0,0.0,0.0,0.0,0.0,0.0,0.0,0.0,0.0,0.0,0.0,0.0,0.0,0.0,0.0,0.0
10:27:58,384,0.68,60,146573,405,0.92,86,165892,137,64,136,74,63,89,78,35.0,209567588627,38292890678,0.0,0.0,0.0,100.0,0.0,0.0,0.0,0.0,0.0,0.0,0.0,0.0,0.0,0.0,0.0,0.0,0.0,0.0,0.0,0.0
10:27:59,384,0.68,60,146573,405,0.92,86,165892,136,64,139,74,63,89,78,28.5,209588991954,38295793197,0.0,0.0,0.0,100.0,0.0,0.0,9.1,0.0,0.0,0.0,0.0,0.0,0.0,0.0,0.0,0.0,0.0,0.0,0.0,0.0
10:27:59,384,0.68,60,146573,405,0.92,86,165892,137,64,136,74,63,89,78,22.6,209610444291,38298720619,0.0,0.0,0.0,100.0,0.0,0.0,0.0,0.0,0.0,0.0,0.0,0.0,0.0,0.0,0.0,0.0,0.0,0.0,0.0,0.0
10:27:59,384,0.68,61,146574,405,0.92,86,165892,137,64,137,74,63,89,78,16.0,209632117149,38301677521,0.0,0.0,0.0,100.0,0.0,0.0,0.0,0.0,0.0,0.0,0.0,0.0,0.0,0.0,0.0,0.0,0.0,0.0,0.0,0.0
10:28:00,384,0.68,61,146574,405,0.92,86,165892,137,64,139,73,62,88,76,9.4,209653801846,38304642418,0.0,0.0,0.0,100.0,0.0,0.0,0.0,0.0,0.0,0.0,0.0,0.0,0.0,0.0,0.0,0.0,0.0,0.0,0.0,0.0
10:28:00,384,0.68,61,146574,411,0.92,88,165892,138,64,139,73,62,88,76,4.8,209676318207,38307814346,0.0,0.0,0.0,0.0,0.0,0.0,0.0,0.0,0.0,9.1,0.0,0.0,0.0,0.0,0.0,0.0,0.0,0.0,0.0,0.0
10:28:00,384,0.68,61,146574,411,0.92,88,165892,132,64,118,73,62,88,76,4.8,209691314995,38310518990,0.0,0.0,0.0,0.0,0.0,0.0,0.0,0.0,0.0,0.0,0.0,0.0,0.0,0.0,0.0,0.0,0.0,0.0,0.0,0.0
10:28:01,389,0.69,62,146574,411,0.92,88,165892,127,64,105,73,62,88,76,4.8,209702916833,38313167726,0.0,0.0,0.0,0.0,0.0,0.0,0.0,0.0,0.0,0.0,0.0,0.0,0.0,0.0,0.0,0.0,0.0,0.0,0.0,0.0
10:28:01,389,0.69,62,146574,411,0.92,88,165892,113,64,105,73,62,88,76,4.8,209714924371,38315867914,0.0,0.0,0.0,0.0,0.0,0.0,0.0,0.0,0.0,0.0,0.0,0.0,0.0,0.0,0.0,0.0,0.0,0.0,0.0,0.0
10:28:01,389,0.69,62,146574,334,0.9,70,165892,109,64,105,73,62,88,76,4.8,209726564111,38318545153,0.0,0.0,0.0,0.0,0.0,0.0,0.0,0.0,0.0,0.0,0.0,0.0,0.0,0.0,0.0,0.0,0.0,0.0,9.1,0.0
-
10:28:07,388,0.68,61,146574,329,0.89,68,165892,106,64,107,55,45,68,58,5.6,209959582314,38371866916,0.0,0.0,100.0,100.0,0.0,0.0,0.0,0.0,0.0,0.0,0.0,0.0,0.0,0.0,0.0,0.0,0.0,0.0,0.0,0.0
10:28:08,383,0.68,60,146574,340,0.9,71,165892,108,64,107,55,45,68,58,5.9,209973753969,38375132228,0.0,0.0,100.0,100.0,0.0,0.0,9.1,0.0,0.0,0.0,0.0,0.0,0.0,0.0,0.0,0.0,0.0,0.0,0.0,0.0
10:28:08,383,0.68,60,146574,340,0.9,71,165892,107,64,108,57,47,70,60,6.3,209996190496,38380171949,0.0,0.0,100.0,100.0,0.0,0.0,0.0,0.0,0.0,0.0,0.0,0.0,0.0,0.0,0.0,0.0,0.0,0.0,0.0,0.0
10:28:09,383,0.68,60,146574,340,0.9,71,165892,107,64,92,57,47,70,60,6.7,210017826854,38383353276,0.0,0.0,100.0,100.0,0.0,0.0,0.0,0.0,0.0,0.0,0.0,0.0,0.0,0.0,0.0,9.1,0.0,0.0,0.0,0.0
10:28:09,388,0.68,61,146574,340,0.9,71,165892,111,64,140,57,47,70,60,7.2,210040754103,38386578426,0.0,0.0,100.0,100.0,0.0,0.0,0.0,0.0,0.0,0.0,0.0,0.0,0.0,0.0,0.0,0.0,0.0,0.0,0.0,0.0
10:28:09,388,0.68,61,146574,418,0.93,90,165892,118,64,143,57,47,70,60,7.6,210063846695,38389786243,0.0,0.0,100.0,100.0,0.0,0.0,0.0,0.0,0.0,0.0,0.0,0.0,0.0,0.0,0.0,0.0,0.0,0.0,0.0,0.0
10:28:10,388,0.68,61,146574,418,0.93,90,165892,132,64,143,57,47,70,60,8.1,210086779437,38393000285,0.0,0.0,100.0,100.0,0.0,0.0,0.0,0.0,0.0,0.0,0.0,0.0,0.0,0.0,0.0,0.0,0.0,0.0,0.0,0.0
10:28:10,388,0.68,61,146574,418,0.93,90,165892,141,64,143,57,47,70,60,9.2,210124765362,38398657924,0.0,0.0,100.0,100.0,0.0,0.0,0.0,0.0,0.0,0.0,0.0,0.0,0.0,0.0,0.0,0.0,0.0,0.0,0.0,0.0
10:28:10,386,0.69,61,146574,418,0.93,90,165892,143,64,143,57,47,70,60,10.7,210163435429,38404833568,0.0,0.0,100.0,100.0,0.0,9.1,0.0,0.0,0.0,0.0,0.0,0.0,0.0,0.0,0.0,0.0,0.0,0.0,0.0,0.0
10:28:11,386,0.69,61,146574,423,0.93,91,165892,143,64,143,72,61,88,77,12.1,210201157623,38410883113,0.0,0.0,100.0,100.0,0.0,0.0,0.0,0.0,0.0,0.0,0.0,0.0,0.0,0.0,0.0,0.0,0.0,0.0,0.0,0.0
10:28:11,390,0.68,62,146574,423,0.93,91,165892,143,64,143,72,61,88,77,13.0,210223986666,38414525926,0.0,0.0,100.0,100.0,0.0,0.0,0.0,0.0,0.0,0.0,0.0,0.0,0.0,0.0,0.0,0.0,0.0,0.0,0.0,0.0
10:28:12,390,0.68,62,146574,422,0.93,91,165892,143,64,143,72,61,88,77,13.9,210247070896,38418205054,0.0,0.0,100.0,100.0,0.0,0.0,0.0,0.0,0.0,0.0,0.0,0.0,0.0,0.0,0.0,0.0,0.0,0.0,0.0,0.0
10:28:12,390,0.68,62,146574,422,0.93,91,165892,143,64,143,72,61,88,77,14.8,210271435397,38422093899,0.0,0.0,100.0,100.0,0.0,0.0,0.0,0.0,0.0,0.0,0.0,0.0,0.0,0.0,0.0,0.0,0.0,0.0,0.0,0.0
10:28:12,390,0.68,62,146574,422,0.93,91,165892,143,64,143,72,61,88,77,15.7,210294860752,38425820330,0.0,0.0,100.0,100.0,0.0,0.0,0.0,0.0,0.0,0.0,0.0,0.0,0.0,0.0,0.0,0.0,0.0,0.0,0.0,0.0
10:28:13,388,0.68,61,146574,422,0.93,91,165892,143,64,144,72,61,88,77,16.6,210319726594,38429736763,0.0,0.0,100.0,100.0,0.0,0.0,0.0,0.0,0.0,0.0,0.0,0.0,0.0,0.0,0.0,0.0,0.0,0.0,0.0,0.0
10:28:13,388,0.68,61,146574,422,0.93,91,165892,143,64,143,72,61,88,77,17.5,210342482884,38433369872,9.1,0.0,100.0,100.0,0.0,0.0,0.0,0.0,0.0,0.0,0.0,0.0,0.0,0.0,0.0,0.0,0.0,0.0,0.0,0.0
10:28:13,388,0.68,61,146574,422,0.93,91,165892,143,64,142,72,61,88,77,18.4,210364707924,38436899342,0.0,0.0,100.0,100.0,0.0,0.0,0.0,0.0,0.0,0.0,0.0,0.0,0.0,0.0,0.0,0.0,0.0,0.0,0.0,0.0
10:28:14,388,0.68,61,146574,422,0.93,91,165892,143,64,143,75,64,91,80,19.2,210386769697,38440387432,0.0,0.0,100.0,100.0,0.0,0.0,0.0,0.0,0.0,0.0,0.0,0.0,0.0,0.0,0.0,0.0,0.0,0.0,0.0,0.0
10:28:14,386,0.66,59,146574,422,0.93,91,165892,143,64,145,75,64,91,80,20.0,210409368638,38443968111,0.0,0.0,100.0,100.0,0.0,0.0,0.0,0.0,0.0,0.0,0.0,0.0,0.0,0.0,0.0,0.0,0.0,0.0,0.0,0.0
10:28:14,386,0.66,59,146574,422,0.93,91,165892,143,64,144,75,64,91,80,20.9,210432511279,38447632347,0.0,0.0,100.0,100.0,0.0,0.0,0.0,0.0,0.0,0.0,0.0,0.0,0.0,0.0,0.0,0.0,0.0,0.0,0.0,0.0
10:28:15,386,0.66,59,146574,424,0.93,92,165892,144,64,143,75,64,91,80,21.8,210454618583,38451161940,0.0,0.0,100.0,100.0,0.0,0.0,0.0,0.0,0.0,0.0,0.0,0.0,0.0,0.0,0.0,0.0,0.0,0.0,0.0,0.0
10:28:15,386,0.66,59,146574,424,0.93,92,165892,144,64,142,75,64,91,80,22.7,210480112963,38455179081,0.0,0.0,100.0,100.0,0.0,0.0,0.0,0.0,0.0,0.0,0.0,0.0,0.0,0.0,0.0,0.0,0.0,0.0,0.0,0.0
10:28:15,385,0.68,61,146574,424,0.93,92,165892,143,64,143,75,64,91,80,23.6,210503789661,38458930902,0.0,0.0,100.0,100.0,0.0,0.0,0.0,0.0,0.0,0.0,0.0,0.0,0.0,0.0,0.0,9.1,0.0,0.0,0.0,0.0
10:28:16,385,0.68,61,146574,424,0.93,92,165892,143,64,142,75,64,91,80,24.5,210526193168,38462489731,0.0,0.0,100.0,100.0,0.0,0.0,0.0,0.0,0.0,0.0,0.0,0.0,0.0,0.0,0.0,0.0,0.0,0.0,0.0,0.0
10:28:16,385,0.68,61,146574,423,0.93,91,165892,143,64,142,75,64,91,80,25.3,210548841364,38466091956,0.0,0.0,100.0,100.0,0.0,0.0,0.0,0.0,0.0,0.0,0.0,0.0,0.0,0.0,0.0,0.0,0.0,0.0,0.0,0.0
10:28:16,385,0.68,61,146574,423,0.93,91,165892,143,64,144,75,64,91,80,26.2,210571455564,38469657437,0.0,0.0,100.0,100.0,0.0,0.0,0.0,0.0,0.0,0.0,0.0,0.0,0.0,0.0,0.0,0.0,0.0,0.0,0.0,0.0
10:28:16,385,0.68,61,146574,423,0.93,91,165892,143,64,143,75,64,92,80,27.0,210593847169,38473223651,0.0,0.0,100.0,100.0,0.0,0.0,0.0,0.0,0.0,0.0,0.0,0.0,0.0,0.0,0.0,0.0,0.0,0.0,0.0,0.0
10:28:17,380,0.68,60,146574,423,0.93,91,165892,143,64,143,75,64,92,80,27.9,210616595341,38476840708,0.0,0.0,100.0,100.0,0.0,0.0,0.0,0.0,0.0,0.0,0.0,0.0,0.0,0.0,0.0,0.0,0.0,0.0,0.0,0.0
10:28:18,389,0.68,61,146574,425,0.94,92,165893,143,64,144,75,64,92,80,32.6,210738113157,38496433126,0.0,0.0,100.0,100.0,0.0,0.0,0.0,0.0,0.0,0.0,0.0,0.0,0.0,0.0,0.0,0.0,0.0,0.0,0.0,0.0
10:28:19,389,0.68,61,146574,425,0.94,92,165893,143,64,143,75,64,92,80,33.5,210761405883,38500125865,9.1,0.0,100.0,100.0,0.0,10.0,0.0,0.0,0.0,0.0,0.0,0.0,0.0,9.1,9.1,9.1,0.0,0.0,0.0,9.1
10:28:19,389,0.68,61,146574,425,0.94,92,165893,143,64,142,75,64,92,80,34.3,210783223027,38503591738,0.0,0.0,100.0,100.0,0.0,0.0,0.0,0.0,0.0,0.0,0.0,0.0,0.0,0.0,0.0,0.0,0.0,0.0,0.0,0.0
10:28:19,382,0.68,60,146574,425,0.94,92,165893,143,64,143,75,64,92,80,35.1,210806334174,38507246452,9.1,0.0,100.0,100.0,0.0,0.0,0.0,0.0,0.0,0.0,0.0,0.0,0.0,0.0,0.0,9.1,0.0,0.0,0.0,0.0
10:28:20,382,0.68,60,146574,424,0.93,91,165893,143,64,145,75,64,92,80,36.0,210829609871,38510922529,0.0,0.0,100.0,100.0,0.0,0.0,0.0,0.0,0.0,0.0,0.0,0.0,0.0,0.0,0.0,0.0,0.0,0.0,0.0,0.0
10:28:20,382,0.68,60,146574,424,0.93,91,165893,143,64,142,75,64,92,80,36.9,210852485912,38514545323,0.0,0.0,100.0,100.0,0.0,0.0,0.0,0.0,0.0,0.0,0.0,0.0,0.0,0.0,0.0,0.0,0.0,0.0,0.0,0.0
10:28:20,382,0.68,60,146574,424,0.93,91,165893,143,64,142,75,64,92,80,37.8,210875266249,38518166957,0.0,0.0,100.0,100.0,0.0,0.0,0.0,0.0,0.0,0.0,0.0,0.0,0.0,0.0,0.0,0.0,0.0,0.0,0.0,0.0
10:28:21,388,0.69,62,146574,424,0.93,91,165893,143,64,143,75,64,92,80,38.6,210897706255,38521692094,0.0,0.0,100.0,100.0,0.0,0.0,0.0,0.0,0.0,0.0,0.0,0.0,0.0,0.0,0.0,0.0,0.0,0.0,0.0,0.0
10:28:21,388,0.69,62,146574,424,0.93,91,165893,143,64,142,75,64,92,80,39.5,210921164813,38525424262,0.0,0.0,100.0,100.0,0.0,0.0,0.0,0.0,0.0,0.0,0.0,0.0,0.0,0.0,0.0,9.1,0.0,0.0,0.0,0.0
10:28:21,388,0.69,62,146574,421,0.93,91,165893,143,64,143,75,64,92,80,40.4,210945249651,38529272092,0.0,0.0,100.0,100.0,0.0,0.0,0.0,0.0,0.0,0.0,0.0,0.0,0.0,0.0,0.0,0.0,0.0,0.0,0.0,0.0
10:28:22,388,0.69,62,146574,421,0.93,91,165893,144,64,144,75,64,92,80,41.3,210969011370,38533058093,0.0,0.0,100.0,100.0,0.0,0.0,0.0,0.0,0.0,0.0,0.0,0.0,0.0,0.0,0.0,0.0,0.0,0.0,0.0,0.0
10:28:22,387,0.68,61,146574,421,0.93,91,165893,143,64,144,75,64,92,80,42.2,210992599383,38536769326,0.0,0.0,100.0,100.0,0.0,0.0,0.0,0.0,0.0,0.0,0.0,0.0,0.0,0.0,0.0,0.0,0.0,0.0,0.0,0.0
10:28:22,387,0.68,61,146574,421,0.93,91,165893,143,64,143,75,64,92,80,43.2,211017450089,38540695219,0.0,0.0,100.0,100.0,0.0,0.0,0.0,0.0,0.0,0.0,0.0,0.0,0.0,0.0,0.0,0.0,0.0,0.0,0.0,0.0
10:28:23,387,0.68,61,146574,423,0.93,91,165893,143,64,144,75,64,92,80,44.1,211041437576,38544493672,0.0,0.0,100.0,100.0,0.0,0.0,0.0,0.0,0.0,0.0,0.0,0.0,0.0,0.0,0.0,0.0,0.0,0.0,0.0,0.0
10:28:23,387,0.68,61,146574,423,0.93,91,165893,143,64,143,75,64,92,80,45.6,211080557288,38550679874,0.0,0.0,100.0,100.0,0.0,0.0,0.0,0.0,0.0,0.0,0.0,0.0,0.0,0.0,0.0,0.0,0.0,0.0,0.0,0.0
10:28:23,383,0.67,59,146574,423,0.93,91,165893,143,64,143,75,64,92,80,47.0,211119255859,38556865771,0.0,0.0,100.0,100.0,0.0,0.0,0.0,0.0,0.0,0.0,0.0,0.0,0.0,0.0,0.0,0.0,0.0,0.0,0.0,0.0
10:28:24,383,0.67,59,146574,422,0.93,91,165893,143,64,142,75,64,92,80,47.9,211142380860,38560544839,0.0,0.0,100.0,100.0,0.0,0.0,0.0,0.0,0.0,0.0,0.0,0.0,0.0,0.0,0.0,0.0,0.0,0.0,0.0,0.0
10:28:24,383,0.67,59,146574,422,0.93,91,165893,143,64,144,75,64,92,80,49.5,211183730425,38567104087,0.0,0.0,100.0,100.0,0.0,0.0,0.0,0.0,0.0,0.0,0.0,0.0,0.0,0.0,0.0,0.0,0.0,0.0,0.0,0.0
10:28:25,388,0.7,63,146574,422,0.93,91,165893,143,64,143,75,64,92,80,50.4,211206133505,38570705213,0.0,0.0,100.0,100.0,0.0,0.0,0.0,0.0,0.0,0.0,0.0,0.0,0.0,0.0,0.0,0.0,0.0,0.0,0.0,0.0
10:28:25,388,0.7,63,146574,421,0.94,91,165893,143,64,143,75,64,92,80,51.8,211244603133,38576773801,0.0,0.0,100.0,100.0,0.0,0.0,0.0,0.0,0.0,0.0,0.0,0.0,0.0,0.0,0.0,0.0,0.0,0.0,0.0,0.0
10:28:26,388,0.7,63,146574,421,0.94,91,165893,143,64,142,75,64,92,80,53.3,211282529061,38582794477,0.0,0.0,100.0,100.0,0.0,0.0,0.0,0.0,0.0,0.0,0.0,0.0,0.0,0.0,0.0,0.0,0.0,0.0,0.0,0.0
10:28:26,383,0.67,60,146574,421,0.94,91,165893,143,64,142,75,64,92,80,54.7,211321183442,38588934110,0.0,0.0,100.0,100.0,0.0,0.0,0.0,0.0,0.0,0.0,0.0,0.0,0.0,0.0,0.0,0.0,0.0,0.0,0.0,0.0
10:28:27,383,0.67,60,146574,423,0.93,91,165893,143,64,142,75,64,92,80,56.2,211359170100,38594978406,0.0,0.0,100.0,100.0,0.0,0.0,0.0,0.0,0.0,0.0,0.0,0.0,0.0,0.0,0.0,0.0,0.0,0.0,0.0,0.0
10:28:27,386,0.68,61,146574,423,0.93,91,165893,143,64,143,75,64,92,80,57.1,211382681637,38598694033,0.0,0.0,100.0,100.0,0.0,0.0,0.0,0.0,0.0,0.0,0.0,0.0,0.0,0.0,0.0,0.0,0.0,0.0,0.0,0.0
10:28:28,386,0.68,61,146574,423,0.93,91,165893,143,64,143,75,64,92,80,58.0,211406348568,38602400201,0.0,0.0,100.0,100.0,0.0,0.0,0.0,0.0,0.0,0.0,0.0,0.0,0.0,0.0,0.0,0.0,0.0,0.0,0.0,0.0
10:28:28,386,0.68,61,146574,425,0.94,92,165893,143,64,142,75,64,91,80,58.8,211429575926,38606083663,0.0,0.0,100.0,100.0,0.0,0.0,0.0,0.0,0.0,0.0,0.0,0.0,0.0,0.0,0.0,0.0,0.0,0.0,0.0,0.0
10:28:28,386,0.68,61,146574,425,0.94,92,165893,143,64,142,75,64,91,80,59.7,211452689758,38609750401,0.0,0.0,100.0,100.0,0.0,0.0,0.0,0.0,0.0,0.0,0.0,0.0,0.0,0.0,0.0,0.0,0.0,0.0,0.0,0.0
10:28:29,386,0.68,61,146574,425,0.94,92,165893,143,64,143,75,64,91,80,60.6,211475379581,38613353542,0.0,0.0,100.0,100.0,0.0,0.0,0.0,0.0,0.0,0.0,0.0,0.0,0.0,0.0,0.0,0.0,0.0,0.0,0.0,0.0
10:28:29,381,0.67,59,146574,425,0.94,92,165893,143,64,145,75,64,91,80,61.4,211497922186,38616897417,0.0,0.0,100.0,100.0,0.0,0.0,0.0,0.0,0.0,0.0,0.0,0.0,0.0,0.0,0.0,0.0,0.0,0.0,0.0,0.0
10:28:29,381,0.67,59,146574,423,0.93,91,165893,144,64,144,75,64,91,80,62.4,211522680546,38620804389,0.0,0.0,100.0,100.0,0.0,0.0,0.0,0.0,0.0,0.0,0.0,0.0,0.0,0.0,0.0,0.0,0.0,0.0,0.0,0.0
10:28:29,381,0.67,59,146574,423,0.93,91,165893,144,64,142,75,64,91,80,63.2,211544792245,38624291197,0.0,0.0,100.0,100.0,0.0,0.0,0.0,0.0,0.0,0.0,0.0,0.0,0.0,0.0,0.0,0.0,0.0,0.0,0.0,0.0
10:28:30,381,0.67,59,146574,423,0.93,91,165893,143,64,142,75,64,91,80,64.0,211567408825,38627850453,0.0,0.0,100.0,100.0,0.0,0.0,0.0,0.0,0.0,0.0,0.0,0.0,0.0,0.0,0.0,9.1,0.0,0.0,0.0,0.0
10:28:30,385,0.69,62,146574,423,0.93,91,165893,143,64,143,75,64,91,80,64.8,211590387648,38631500102,0.0,0.0,100.0,100.0,0.0,0.0,0.0,0.0,0.0,0.0,0.0,0.0,0.0,0.0,0.0,0.0,0.0,0.0,0.0,0.0
10:28:30,385,0.69,62,146574,427,0.94,93,165893,143,64,145,75,64,92,81,65.3,211615028881,38635536773,0.0,0.0,100.0,100.0,0.0,0.0,0.0,0.0,0.0,0.0,0.0,0.0,0.0,0.0,0.0,0.0,0.0,0.0,0.0,0.0
10:28:31,385,0.69,62,146574,427,0.94,93,165893,144,64,145,75,64,92,81,65.7,211638012831,38639298238,0.0,0.0,100.0,100.0,0.0,0.0,0.0,0.0,0.0,0.0,0.0,0.0,0.0,0.0,0.0,0.0,0.0,0.0,0.0,0.0
10:28:31,385,0.69,62,146574,427,0.94,93,165893,145,64,145,75,64,92,81,66.2,211661110550,38643041942,0.0,0.0,100.0,100.0,0.0,0.0,0.0,0.0,0.0,0.0,0.0,0.0,0.0,0.0,0.0,0.0,0.0,0.0,0.0,0.0
10:28:31,390,0.71,64,146574,427,0.94,93,165893,145,64,145,75,64,92,81,66.7,211685683974,38647049256,0.0,0.0,100.0,100.0,0.0,0.0,0.0,0.0,0.0,0.0,0.0,0.0,0.0,0.0,0.0,0.0,0.0,0.0,0.0,0.0
10:28:32,390,0.71,64,146574,427,0.94,93,165893,145,64,145,75,64,92,81,67.1,211708984329,38650869376,0.0,0.0,100.0,100.0,0.0,0.0,0.0,0.0,0.0,0.0,0.0,0.0,0.0,0.0,0.0,0.0,0.0,0.0,0.0,0.0
10:28:32,390,0.71,64,146574,425,0.93,92,165893,145,64,144,75,64,92,81,67.6,211732436296,38654698468,0.0,0.0,100.0,100.0,0.0,0.0,0.0,0.0,0.0,0.0,0.0,0.0,0.0,0.0,0.0,0.0,0.0,0.0,0.0,0.0
10:28:32,390,0.71,64,146574,425,0.93,92,165893,145,64,145,75,64,92,81,68.0,211755448688,38658415682,0.0,0.0,100.0,100.0,0.0,0.0,0.0,0.0,0.0,0.0,0.0,0.0,0.0,0.0,0.0,0.0,0.0,0.0,0.0,0.0
10:28:33,384,0.67,60,146574,425,0.93,92,165893,145,64,145,75,64,92,81,68.4,211779808367,38662443809,0.0,0.0,100.0,100.0,0.0,0.0,0.0,0.0,0.0,0.0,0.0,0.0,0.0,0.0,0.0,0.0,0.0,0.0,0.0,0.0
10:28:33,384,0.67,60,146574,425,0.93,92,165893,145,64,145,75,64,92,81,68.4,211802280294,38666347425,0.0,0.0,100.0,100.0,0.0,0.0,0.0,0.0,0.0,0.0,0.0,0.0,0.0,0.0,0.0,0.0,0.0,0.0,0.0,0.0
10:28:33,384,0.67,60,146574,428,0.93,92,165893,145,64,145,76,64,93,82,68.4,211826739216,38670553224,0.0,0.0,100.0,100.0,0.0,0.0,0.0,0.0,0.0,0.0,0.0,0.0,0.0,0.0,0.0,0.0,0.0,0.0,0.0,0.0
10:28:34,384,0.67,60,146574,428,0.93,92,165893,145,64,146,76,64,93,82,68.4,211850717731,38674676505,0.0,0.0,100.0,100.0,0.0,0.0,0.0,0.0,0.0,0.0,0.0,0.0,0.0,0.0,0.0,0.0,0.0,0.0,0.0,0.0
10:28:34,389,0.69,62,146574,428,0.93,92,165893,145,64,145,76,64,93,82,68.4,211873120506,38678533856,0.0,0.0,100.0,100.0,0.0,0.0,0.0,0.0,0.0,0.0,0.0,0.0,0.0,0.0,0.0,0.0,0.0,0.0,0.0,0.0
10:28:34,389,0.69,62,146574,428,0.93,92,165893,145,64,146,76,64,93,82,68.4,211895756312,38682452120,0.0,0.0,100.0,100.0,0.0,0.0,0.0,0.0,0.0,0.0,0.0,0.0,0.0,0.0,0.0,9.1,0.0,0.0,0.0,0.0
10:28:35,389,0.69,62,146574,429,0.94,93,165893,146,64,145,76,64,93,82,68.4,211918558439,38686336814,0.0,0.0,100.0,100.0,0.0,0.0,0.0,0.0,0.0,0.0,0.0,0.0,0.0,0.0,0.0,0.0,0.0,0.0,0.0,0.0
10:28:35,389,0.69,62,146574,429,0.94,93,165893,146,64,145,76,64,93,82,68.4,211941189484,38690231275,0.0,0.0,100.0,100.0,0.0,0.0,0.0,0.0,0.0,0.0,0.0,0.0,0.0,0.0,0.0,0.0,0.0,0.0,0.0,0.0
10:28:35,389,0.69,62,146574,429,0.94,93,165893,146,64,146,76,64,93,82,68.4,211963936496,38694156435,0.0,0.0,100.0,100.0,0.0,0.0,0.0,0.0,0.0,0.0,0.0,0.0,0.0,0.0,0.0,0.0,0.0,0.0,0.0,0.0
10:28:35,381,0.66,59,146574,429,0.94,93,165893,146,64,145,76,64,93,82,68.4,211986536841,38698071037,0.0,0.0,100.0,100.0,0.0,0.0,0.0,0.0,0.0,0.0,0.0,0.0,0.0,0.0,0.0,0.0,0.0,0.0,0.0,0.0
10:28:36,381,0.66,59,146574,428,0.94,94,165893,145,64,146,76,64,93,82,68.4,212011201329,38702297284,0.0,0.0,100.0,100.0,0.0,0.0,0.0,0.0,0.0,0.0,0.0,0.0,0.0,0.0,0.0,0.0,0.0,0.0,0.0,0.0
10:28:36,381,0.66,59,146574,428,0.94,94,165893,146,64,145,76,64,93,82,68.4,212033915321,38706210970,0.0,0.0,100.0,100.0,0.0,0.0,0.0,0.0,0.0,0.0,0.0,0.0,0.0,0.0,0.0,0.0,0.0,0.0,0.0,0.0
10:28:36,381,0.66,59,146574,428,0.94,94,165893,145,64,145,76,64,93,82,68.4,212056676799,38709825463,0.0,0.0,100.0,100.0,0.0,0.0,0.0,0.0,0.0,0.0,0.0,0.0,0.0,0.0,0.0,0.0,0.0,0.0,0.0,0.0
10:28:37,386,0.68,61,146574,428,0.94,94,165893,146,64,145,76,64,93,82,68.4,212080040203,38713527174,0.0,0.0,100.0,100.0,0.0,0.0,0.0,0.0,0.0,0.0,0.0,0.0,0.0,0.0,0.0,0.0,0.0,0.0,0.0,0.0
10:28:37,386,0.68,61,146574,432,0.93,93,165893,145,64,146,76,64,93,82,68.2,212103297712,38717120793,9.1,0.0,100.0,100.0,0.0,0.0,0.0,0.0,0.0,0.0,0.0,0.0,0.0,0.0,0.0,0.0,0.0,0.0,0.0,0.0
10:28:37,386,0.68,61,146574,432,0.93,93,165893,145,64,146,76,64,93,82,62.1,212126303695,38720660213,0.0,0.0,100.0,100.0,0.0,0.0,0.0,0.0,0.0,0.0,0.0,0.0,0.0,0.0,0.0,0.0,9.1,0.0,0.0,0.0
10:28:38,386,0.68,61,146574,432,0.93,93,165893,146,64,146,76,64,93,82,55.9,212149140551,38724195970,0.0,0.0,100.0,100.0,0.0,0.0,0.0,0.0,0.0,0.0,0.0,0.0,0.0,0.0,0.0,0.0,0.0,0.0,0.0,0.0
10:28:38,377,0.68,59,146574,432,0.93,93,165893,146,64,147,76,64,93,82,49.2,212174067184,38728008277,0.0,0.0,100.0,100.0,9.1,0.0,0.0,0.0,0.0,0.0,0.0,0.0,0.0,0.0,0.0,0.0,0.0,0.0,0.0,0.0
10:28:38,377,0.68,59,146574,432,0.93,93,165893,147,64,147,76,64,93,82,42.8,212197167589,38731566923,0.0,0.0,100.0,100.0,0.0,0.0,0.0,0.0,0.0,0.0,0.0,0.0,0.0,0.0,0.0,0.0,0.0,0.0,0.0,0.0
10:28:39,377,0.68,59,146574,435,0.94,95,165893,147,64,152,76,64,93,82,36.6,212220375781,38735173054,0.0,0.0,100.0,0.0,0.0,0.0,0.0,0.0,0.0,0.0,0.0,0.0,0.0,0.0,0.0,0.0,0.0,0.0,0.0,0.0
10:28:39,377,0.68,59,146574,435,0.94,95,165893,148,64,146,76,65,94,82,36.6,212241402766,38738259716,0.0,0.0,100.0,0.0,0.0,0.0,0.0,0.0,0.0,0.0,0.0,0.0,0.0,0.0,0.0,0.0,0.0,0.0,0.0,0.0
10:28:39,386,0.69,61,146574,435,0.94,95,165893,147,64,140,76,65,94,82,36.6,212262845521,38741174198,0.0,0.0,100.0,0.0,0.0,0.0,0.0,0.0,0.0,0.0,0.0,0.0,0.0,0.0,0.0,0.0,0.0,0.0,0.0,0.0
10:28:40,386,0.69,61,146574,435,0.94,95,165893,143,64,140,76,65,94,82,34.1,212284006478,38744069821,0.0,0.0,100.0,0.0,0.0,0.0,0.0,0.0,0.0,0.0,0.0,0.0,0.0,0.0,0.0,0.0,0.0,0.0,0.0,0.0
10:28:40,386,0.69,61,146574,416,0.92,89,165893,141,64,140,76,65,94,82,27.7,212304796158,38746911671,0.0,0.0,100.0,0.0,0.0,0.0,0.0,0.0,0.0,0.0,0.0,0.0,0.0,0.0,0.0,0.0,0.0,0.0,0.0,0.0
10:28:40,386,0.69,61,146574,416,0.92,89,165893,140,64,140,76,65,94,82,21.3,212325981651,38749803449,0.0,0.0,100.0,0.0,0.0,0.0,0.0,0.0,0.0,0.0,0.0,0.0,0.0,0.0,0.0,9.1,0.0,0.0,0.0,0.0
10:28:40,386,0.69,61,146574,416,0.92,89,165893,140,64,141,76,65,94,82,14.9,212347393462,38752698217,0.0,0.0,100.0,0.0,0.0,0.0,0.0,0.0,0.0,0.0,0.0,0.0,0.0,0.0,0.0,0.0,0.0,0.0,0.0,0.0
10:28:41,384,0.66,59,146574,416,0.92,89,165893,140,64,140,76,65,94,82,7.7,212370545685,38755861600,0.0,0.0,100.0,0.0,0.0,0.0,0.0,0.0,0.0,0.0,0.0,0.0,0.0,0.0,0.0,0.0,0.0,0.0,0.0,0.0
10:28:41,384,0.66,59,146574,416,0.92,89,165893,139,64,135,76,65,94,82,4.8,212390234111,38758769734,0.0,0.0,0.0,0.0,0.0,0.0,0.0,0.0,0.0,0.0,0.0,0.0,0.0,0.0,0.0,0.0,0.0,0.0,0.0,0.0
10:28:41,384,0.66,59,146574,416,0.92,89,165893,135,64,111,76,65,94,82,4.8,212403826911,38761549146,0.0,0.0,0.0,0.0,0.0,0.0,0.0,0.0,0.0,0.0,0.0,0.0,0.0,0.0,0.0,0.0,0.0,0.0,0.0,0.0
10:28:42,384,0.66,59,146574,416,0.92,89,165893,123,64,108,71,57,85,70,4.8,212415522743,38764255926,0.0,0.0,0.0,0.0,0.0,0.0,0.0,0.0,0.0,0.0,0.0,0.0,0.0,0.0,0.0,0.0,0.0,0.0,0.0,0.0
10:28:42,386,0.68,61,146574,416,0.92,89,165893,116,64,107,71,57,85,70,4.8,212429615053,38767515867,0.0,0.0,0.0,0.0,0.0,0.0,0.0,0.0,0.0,0.0,0.0,0.0,0.0,0.0,0.0,0.0,0.0,0.0,0.0,0.0
10:28:42,386,0.68,61,146574,337,0.9,70,165893,108,64,106,71,57,85,70,4.8,212442452239,38770451223,0.0,0.0,0.0,0.0,0.0,0.0,0.0,0.0,0.0,0.0,0.0,0.0,0.0,0.0,0.0,0.0,0.0,0.0,0.0,0.0
-
10:28:48,384,0.67,60,146574,326,0.89,68,165893,105,64,107,55,45,68,58,5.4,212663960400,38821007673,9.1,0.0,100.0,100.0,0.0,0.0,0.0,0.0,0.0,0.0,0.0,0.0,0.0,0.0,0.0,9.1,0.0,0.0,0.0,0.0
10:28:49,387,0.69,61,146574,326,0.89,68,165893,106,64,107,55,45,68,58,5.6,212677041299,38823959265,0.0,0.0,100.0,100.0,0.0,0.0,0.0,0.0,0.0,0.0,0.0,0.0,0.0,0.0,0.0,0.0,0.0,0.0,0.0,0.0
10:28:49,387,0.69,61,146574,326,0.89,68,165893,107,64,106,55,45,68,58,5.8,212689873603,38826901396,0.0,0.0,100.0,100.0,0.0,0.0,0.0,0.0,0.0,0.0,0.0,0.0,0.0,0.0,0.0,0.0,0.0,0.0,0.0,0.0
10:28:49,387,0.69,61,146574,337,0.9,70,165893,107,64,106,55,45,68,58,6.1,212702989902,38829913473,0.0,0.0,100.0,100.0,0.0,0.0,0.0,0.0,0.0,0.0,0.0,0.0,0.0,0.0,0.0,0.0,0.0,0.0,0.0,0.0
10:28:50,387,0.69,61,146574,337,0.9,70,165893,107,64,107,55,45,68,58,6.5,212720653492,38833204724,0.0,0.0,100.0,100.0,0.0,0.0,0.0,0.0,0.0,0.0,0.0,0.0,0.0,0.0,0.0,0.0,0.0,0.0,0.0,0.0
10:28:50,386,0.69,61,146574,337,0.9,70,165893,104,64,107,55,45,68,58,6.9,212743868826,38836432560,0.0,0.0,100.0,100.0,0.0,0.0,0.0,0.0,0.0,0.0,0.0,0.0,0.0,0.0,0.0,9.1,0.0,0.0,0.0,0.0
10:28:50,386,0.69,61,146574,337,0.9,70,165893,110,64,134,62,51,75,64,7.4,212767408622,38839721126,0.0,0.0,100.0,100.0,0.0,0.0,0.0,0.0,0.0,0.0,0.0,0.0,0.0,0.0,0.0,0.0,0.0,0.0,0.0,0.0
10:28:51,386,0.69,61,146574,418,0.93,90,165893,124,64,142,62,51,75,64,7.8,212789935908,38842885120,0.0,0.0,100.0,100.0,0.0,0.0,0.0,0.0,0.0,0.0,0.0,0.0,0.0,0.0,0.0,0.0,0.0,0.0,0.0,0.0
10:28:51,386,0.69,61,146574,418,0.93,90,165893,133,64,145,62,51,75,64,8.3,212812680356,38846027568,0.0,0.0,100.0,100.0,0.0,0.0,0.0,0.0,0.0,0.0,0.0,0.0,0.0,0.0,0.0,0.0,0.0,0.0,0.0,0.0
10:28:51,386,0.69,61,146574,418,0.93,90,165893,143,64,143,62,51,75,64,8.9,212834910219,38849319857,0.0,0.0,100.0,100.0,0.0,0.0,0.0,0.0,0.0,0.0,0.0,0.0,0.0,0.0,0.0,0.0,0.0,0.0,0.0,0.0
10:28:51,391,0.7,64,146574,418,0.93,90,165893,144,64,145,62,51,75,64,10.3,212873100124,38855419023,0.0,0.0,100.0,100.0,0.0,0.0,0.0,0.0,0.0,0.0,0.0,0.0,0.0,0.0,0.0,0.0,0.0,0.0,0.0,0.0
10:28:52,391,0.7,64,146574,424,0.93,92,165893,144,64,145,62,51,75,64,11.8,212911106374,38861443178,0.0,0.0,100.0,100.0,0.0,0.0,0.0,0.0,0.0,0.0,0.0,0.0,0.0,0.0,0.0,0.0,0.0,0.0,0.0,0.0
10:28:52,391,0.7,64,146574,424,0.93,92,165893,144,64,143,62,51,75,64,13.3,212949657606,38867582017,0.0,0.0,100.0,100.0,0.0,0.0,0.0,0.0,0.0,0.0,0.0,0.0,0.0,0.0,0.0,0.0,0.0,0.0,0.0,0.0
10:28:53,384,0.67,60,146574,425,0.93,92,165893,144,64,144,74,63,91,80,14.1,212973179762,38871292518,0.0,0.0,100.0,100.0,0.0,0.0,0.0,0.0,0.0,0.0,0.0,0.0,0.0,0.0,0.0,0.0,0.0,0.0,0.0,0.0
10:28:53,384,0.67,60,146574,425,0.93,92,165893,145,64,145,74,63,91,80,15.1,212997281935,38875109585,0.0,0.0,100.0,100.0,0.0,0.0,0.0,0.0,0.0,0.0,0.0,0.0,0.0,0.0,0.0,0.0,0.0,0.0,0.0,0.0
10:28:54,384,0.67,60,146574,425,0.93,92,165893,145,64,144,74,63,91,80,16.5,213035318641,38881163830,0.0,0.0,100.0,100.0,0.0,0.0,0.0,0.0,0.0,0.0,0.0,0.0,0.0,0.0,0.0,0.0,0.0,0.0,0.0,0.0
10:28:54,383,0.66,58,146574,425,0.93,92,165893,145,64,145,74,63,91,80,17.4,213058161051,38884776858,0.0,0.0,100.0,100.0,0.0,0.0,0.0,0.0,0.0,0.0,0.0,0.0,0.0,0.0,0.0,0.0,0.0,0.0,0.0,0.0
10:28:54,383,0.66,58,146574,429,0.93,92,165893,145,64,145,74,63,91,80,18.3,213082075419,38888577752,0.0,0.0,100.0,100.0,0.0,0.0,0.0,0.0,0.0,0.0,0.0,0.0,0.0,0.0,0.0,0.0,0.0,0.0,0.0,0.0
10:28:55,383,0.66,58,146574,429,0.93,92,165893,145,64,145,74,63,91,80,19.7,213120094425,38894634621,0.0,0.0,100.0,100.0,0.0,0.0,0.0,0.0,0.0,0.0,0.0,0.0,0.0,0.0,0.0,0.0,0.0,0.0,0.0,0.0
10:28:55,390,0.68,61,146574,429,0.93,92,165893,145,64,145,74,63,91,80,20.6,213143129584,38898294035,0.0,0.0,100.0,100.0,0.0,0.0,0.0,0.0,0.0,0.0,0.0,0.0,0.0,0.0,0.0,0.0,0.0,0.0,0.0,0.0
10:28:56,390,0.68,61,146574,429,0.93,92,165893,145,64,146,74,63,91,80,22.1,213181545623,38904385939,0.0,0.0,100.0,100.0,0.0,0.0,0.0,0.0,0.0,0.0,0.0,0.0,0.0,0.0,0.0,0.0,0.0,0.0,0.0,0.0
10:28:56,390,0.68,61,146574,425,0.93,92,165893,145,64,143,75,64,93,81,23.0,213205680510,38908252872,0.0,0.0,100.0,100.0,0.0,0.0,0.0,0.0,0.0,0.0,0.0,0.0,0.0,0.0,0.0,0.0,0.0,0.0,0.0,0.0
10:28:57,390,0.68,61,146574,425,0.93,92,165893,144,64,145,75,64,93,81,24.5,213245181813,38914478686,0.0,0.0,100.0,100.0,0.0,0.0,0.0,0.0,0.0,0.0,0.0,0.0,0.0,0.0,0.0,0.0,0.0,0.0,0.0,0.0
10:28:57,381,0.67,59,146574,424,0.93,92,165893,144,64,143,75,64,93,81,26.0,213283719739,38920619051,0.0,0.0,100.0,100.0,0.0,0.0,9.1,0.0,0.0,0.0,0.0,0.0,0.0,0.0,0.0,0.0,0.0,0.0,0.0,0.0
10:28:58,381,0.67,59,146574,424,0.93,92,165893,145,64,144,75,64,93,81,27.4,213322056921,38926674761,0.0,0.0,100.0,100.0,0.0,0.0,0.0,0.0,0.0,0.0,0.0,0.0,0.0,0.0,0.0,0.0,0.0,0.0,0.0,0.0
10:28:58,391,0.7,63,146575,424,0.93,92,165893,145,64,144,75,64,93,81,28.3,213344522257,38930295907,0.0,0.0,100.0,100.0,0.0,0.0,0.0,0.0,0.0,0.0,0.0,0.0,0.0,0.0,0.0,0.0,0.0,0.0,0.0,0.0
10:28:58,391,0.7,63,146575,426,0.93,92,165894,144,64,145,75,64,93,81,29.2,213368102030,38934045714,0.0,0.0,100.0,100.0,0.0,0.0,0.0,0.0,0.0,0.0,0.0,0.0,0.0,0.0,0.0,0.0,0.0,0.0,0.0,0.0
10:28:59,391,0.7,63,146575,426,0.93,92,165894,145,64,144,75,64,92,81,30.0,213390721235,38937626637,0.0,0.0,100.0,100.0,0.0,0.0,0.0,0.0,0.0,0.0,0.0,0.0,0.0,0.0,9.1,0.0,0.0,0.0,0.0,0.0
10:28:59,391,0.7,63,146575,426,0.93,92,165894,144,64,145,75,64,92,81,30.8,213412972643,38941138774,9.1,0.0,100.0,100.0,0.0,0.0,0.0,0.0,0.0,0.0,0.0,0.0,0.0,0.0,0.0,0.0,0.0,0.0,0.0,0.0
10:28:59,381,0.66,59,146575,426,0.93,92,165894,145,64,145,75,64,92,81,31.7,213435728200,38944755769,0.0,0.0,100.0,100.0,0.0,0.0,0.0,0.0,0.0,0.0,0.0,0.0,0.0,0.0,0.0,9.1,0.0,0.0,0.0,0.0
10:29:00,381,0.66,59,146575,426,0.93,92,165894,145,64,144,75,64,92,81,33.2,213474404859,38950923417,0.0,0.0,100.0,100.0,0.0,0.0,0.0,0.0,0.0,0.0,0.0,0.0,0.0,0.0,0.0,0.0,0.0,0.0,0.0,0.0
10:29:00,381,0.66,59,146575,425,0.93,92,165894,145,64,144,75,64,92,81,34.0,213497190384,38954530036,0.0,0.0,100.0,100.0,0.0,0.0,0.0,0.0,0.0,0.0,0.0,0.0,0.0,0.0,0.0,0.0,0.0,0.0,0.0,0.0
10:29:01,381,0.66,59,146575,425,0.93,92,165894,145,64,145,75,64,92,81,35.5,213535902504,38960681388,0.0,0.0,100.0,100.0,0.0,0.0,0.0,0.0,0.0,0.0,0.0,0.0,0.0,0.0,0.0,0.0,0.0,0.0,0.0,0.0
10:29:01,386,0.68,61,146575,425,0.94,92,165894,144,64,144,75,64,92,81,36.4,213558235455,38964247480,0.0,0.0,100.0,100.0,0.0,0.0,0.0,0.0,0.0,0.0,0.0,0.0,0.0,0.0,0.0,0.0,0.0,0.0,0.0,0.0
10:29:01,386,0.68,61,146575,425,0.94,92,165894,144,64,145,75,64,92,81,37.8,213595850471,38970204007,0.0,0.0,100.0,100.0,0.0,0.0,0.0,0.0,0.0,0.0,0.0,0.0,0.0,0.0,0.0,0.0,0.0,0.0,0.0,0.0
10:29:02,386,0.68,61,146575,425,0.94,92,165894,144,64,144,75,64,92,81,39.2,213633739778,38976248914,0.0,0.0,100.0,100.0,0.0,0.0,0.0,0.0,0.0,0.0,0.0,0.0,0.0,0.0,0.0,0.0,0.0,0.0,0.0,0.0
10:29:02,388,0.68,61,146575,425,0.94,92,165894,144,64,145,75,64,92,81,40.1,213657365938,38979998111,0.0,0.0,100.0,100.0,0.0,0.0,0.0,0.0,0.0,0.0,0.0,0.0,0.0,0.0,0.0,0.0,0.0,0.0,0.0,0.0
10:29:03,388,0.68,61,146575,426,0.94,93,165894,144,64,144,75,64,92,81,41.0,213679745092,38983551996,0.0,0.0,100.0,100.0,0.0,0.0,0.0,0.0,0.0,0.0,0.0,0.0,0.0,0.0,0.0,0.0,0.0,0.0,0.0,0.0
10:29:03,388,0.68,61,146575,426,0.94,93,165894,145,64,145,75,64,92,81,42.5,213720131402,38989997170,0.0,0.0,100.0,100.0,0.0,0.0,0.0,0.0,0.0,0.0,0.0,0.0,0.0,0.0,0.0,0.0,0.0,0.0,0.0,0.0
10:29:04,383,0.66,59,146575,426,0.94,93,165894,144,64,145,75,64,92,81,43.4,213743779535,38993747160,0.0,0.0,100.0,100.0,0.0,0.0,0.0,0.0,0.0,0.0,0.0,0.0,0.0,0.0,0.0,0.0,0.0,0.0,0.0,0.0
10:29:04,383,0.66,59,146575,425,0.94,92,165894,144,64,145,75,64,92,81,44.3,213767513666,38997505207,0.0,0.0,100.0,100.0,0.0,0.0,0.0,0.0,0.0,0.0,0.0,0.0,0.0,0.0,0.0,0.0,0.0,0.0,0.0,0.0
10:29:04,383,0.66,59,146575,425,0.94,92,165894,144,64,145,75,64,92,81,45.8,213805660358,39003556156,0.0,0.0,100.0,100.0,0.0,0.0,0.0,0.0,0.0,0.0,0.0,0.0,0.0,0.0,0.0,0.0,0.0,0.0,0.0,0.0
10:29:05,386,0.68,61,146575,425,0.94,92,165894,145,64,145,76,64,93,81,47.3,213844377361,39009715198,0.0,0.0,100.0,100.0,0.0,0.0,0.0,0.0,0.0,0.0,0.0,0.0,0.0,0.0,0.0,0.0,0.0,0.0,0.0,0.0
10:29:05,386,0.68,61,146575,425,0.93,92,165894,145,64,144,76,64,93,81,48.1,213866512864,39013256754,0.0,0.0,100.0,100.0,0.0,0.0,0.0,0.0,0.0,0.0,0.0,0.0,0.0,0.0,0.0,0.0,0.0,0.0,0.0,0.0
10:29:06,386,0.68,61,146575,425,0.93,92,165894,144,64,145,76,64,93,81,49.0,213889109546,39016844757,0.0,0.0,100.0,100.0,0.0,0.0,0.0,0.0,0.0,0.0,0.0,0.0,0.0,0.0,0.0,0.0,0.0,0.0,0.0,0.0
10:29:06,386,0.68,61,146575,425,0.93,92,165894,145,64,145,76,64,93,81,50.4,213927626904,39022948929,0.0,0.0,100.0,100.0,0.0,0.0,0.0,0.0,0.0,0.0,0.0,0.0,0.0,0.0,0.0,0.0,0.0,0.0,0.0,0.0
10:29:06,383,0.68,60,146575,425,0.93,92,165894,145,64,144,76,64,93,81,51.3,213950302627,39026556097,0.0,0.0,100.0,100.0,0.0,0.0,0.0,0.0,0.0,0.0,0.0,0.0,0.0,0.0,0.0,0.0,0.0,0.0,0.0,0.0
10:29:07,383,0.68,60,146575,425,0.93,92,165894,145,64,145,76,64,93,81,52.1,213973010027,39030182675,0.0,0.0,100.0,100.0,0.0,0.0,0.0,0.0,0.0,0.0,0.0,0.0,0.0,0.0,0.0,0.0,0.0,0.0,0.0,0.0
10:29:07,383,0.68,60,146575,425,0.93,92,165894,145,64,145,76,64,93,81,53.0,213996245625,39033817919,0.0,0.0,100.0,100.0,0.0,0.0,0.0,0.0,0.0,0.0,0.0,0.0,0.0,0.0,0.0,0.0,0.0,0.0,0.0,0.0
10:29:07,384,0.69,61,146575,425,0.93,92,165894,145,64,144,76,64,93,81,54.5,214035245464,39040011263,0.0,0.0,100.0,100.0,0.0,0.0,0.0,0.0,0.0,0.0,0.0,0.0,0.0,0.0,0.0,0.0,0.0,0.0,0.0,0.0
10:29:08,384,0.69,61,146575,425,0.93,92,165894,145,64,145,76,64,93,81,56.0,214074047977,39046160173,0.0,0.0,100.0,100.0,0.0,0.0,0.0,0.0,0.0,0.0,0.0,0.0,0.0,0.0,0.0,0.0,0.0,0.0,0.0,0.0
10:29:08,384,0.69,61,146575,425,0.93,92,165894,144,64,144,76,64,93,81,56.9,214096841498,39049827461,0.0,0.0,100.0,100.0,0.0,0.0,0.0,0.0,0.0,0.0,0.0,0.0,0.0,0.0,0.0,0.0,0.0,0.0,0.0,0.0
10:29:09,383,0.68,61,146575,425,0.93,92,165894,145,64,145,76,64,93,81,57.7,214119081675,39053355772,0.0,0.0,100.0,100.0,0.0,0.0,0.0,0.0,0.0,0.0,0.0,0.0,0.0,0.0,0.0,0.0,0.0,0.0,0.0,0.0
10:29:09,383,0.68,61,146575,425,0.93,91,165894,144,64,144,76,64,93,81,58.6,214142153698,39057043507,0.0,0.0,100.0,100.0,0.0,0.0,0.0,0.0,0.0,0.0,0.0,0.0,0.0,0.0,0.0,0.0,0.0,0.0,0.0,0.0
10:29:09,383,0.68,61,146575,425,0.93,91,165894,144,64,145,76,64,93,81,59.5,214166745249,39060891703,0.0,0.0,100.0,100.0,0.0,0.0,0.0,0.0,0.0,0.0,0.0,0.0,0.0,0.0,0.0,0.0,0.0,0.0,0.0,0.0
10:29:10,383,0.68,61,146575,425,0.93,91,165894,145,64,145,76,64,93,81,60.3,214189158034,39064449921,0.0,0.0,100.0,100.0,0.0,0.0,0.0,0.0,0.0,0.0,0.0,0.0,0.0,0.0,0.0,0.0,0.0,0.0,0.0,0.0
10:29:10,385,0.68,61,146575,425,0.93,91,165894,145,64,144,76,64,92,81,61.2,214211372027,39067974204,0.0,0.0,100.0,100.0,0.0,0.0,0.0,0.0,0.0,0.0,0.0,0.0,0.0,0.0,0.0,0.0,0.0,0.0,0.0,0.0
10:29:10,385,0.68,61,146575,425,0.93,91,165894,145,64,145,76,64,92,81,62.0,214233964071,39071546399,0.0,0.0,100.0,100.0,0.0,0.0,0.0,0.0,0.0,0.0,0.0,0.0,0.0,0.0,0.0,0.0,0.0,0.0,0.0,0.0
10:29:11,385,0.68,61,146575,425,0.94,92,165894,145,64,145,76,64,92,81,62.9,214256707360,39075126590,0.0,0.0,100.0,100.0,0.0,0.0,0.0,0.0,0.0,0.0,0.0,0.0,0.0,0.0,0.0,0.0,0.0,0.0,0.0,0.0
10:29:11,385,0.68,61,146575,425,0.94,92,165894,145,64,145,76,64,92,81,64.4,214295447496,39081283923,0.0,0.0,100.0,100.0,0.0,0.0,0.0,0.0,0.0,0.0,0.0,0.0,0.0,0.0,9.1,0.0,0.0,0.0,0.0,0.0
10:29:11,397,0.73,67,146575,425,0.94,92,165894,145,64,144,76,64,92,81,65.4,214333486522,39087508212,0.0,0.0,100.0,100.0,0.0,0.0,0.0,0.0,0.0,0.0,0.0,0.0,0.0,0.0,9.1,0.0,0.0,0.0,0.0,0.0
10:29:12,397,0.73,67,146575,431,0.93,93,165894,145,64,145,76,64,92,81,65.8,214355938857,39091245751,0.0,0.0,100.0,100.0,0.0,0.0,0.0,0.0,0.0,0.0,0.0,0.0,0.0,0.0,0.0,0.0,0.0,0.0,0.0,0.0
10:29:12,397,0.73,67,146575,431,0.93,93,165894,145,64,145,76,64,92,81,66.6,214393959084,39097550056,0.0,0.0,100.0,100.0,0.0,0.0,0.0,0.0,0.0,0.0,0.0,0.0,0.0,0.0,0.0,0.0,0.0,0.0,0.0,0.0
10:29:13,383,0.67,59,146575,431,0.93,93,165894,145,64,147,76,65,93,82,67.3,214432770874,39103961172,0.0,0.0,100.0,100.0,0.0,0.0,0.0,0.0,0.0,0.0,0.0,0.0,0.0,0.0,9.1,0.0,0.0,0.0,0.0,0.0
10:29:13,383,0.67,59,146575,428,0.93,92,165894,146,64,145,76,65,93,82,68.1,214472125449,39110517186,0.0,0.0,100.0,100.0,0.0,0.0,0.0,0.0,0.0,0.0,0.0,0.0,0.0,0.0,0.0,0.0,0.0,0.0,0.0,0.0
10:29:14,383,0.67,59,146575,428,0.93,92,165894,146,64,145,76,65,93,82,68.4,214495468346,39114418299,0.0,0.0,100.0,100.0,0.0,0.0,0.0,0.0,0.0,0.0,0.0,0.0,0.0,0.0,0.0,0.0,0.0,0.0,0.0,0.0
10:29:14,387,0.68,61,146575,428,0.93,92,165894,146,64,147,76,65,93,82,68.4,214518778039,39118500259,0.0,0.0,100.0,100.0,0.0,0.0,0.0,0.0,0.0,0.0,0.0,0.0,0.0,0.0,0.0,0.0,0.0,0.0,0.0,0.0
10:29:14,387,0.68,61,146575,429,0.93,92,165894,146,64,145,76,65,93,82,68.4,214556382680,39125059751,0.0,0.0,100.0,100.0,0.0,0.0,0.0,0.0,0.0,0.0,0.0,0.0,0.0,0.0,0.0,0.0,0.0,0.0,0.0,0.0
10:29:15,387,0.68,61,146575,429,0.93,92,165894,146,64,145,76,65,93,82,68.4,214579856496,39129092883,0.0,0.0,100.0,100.0,0.0,0.0,0.0,0.0,0.0,0.0,0.0,0.0,0.0,0.0,0.0,0.0,0.0,0.0,0.0,0.0
10:29:15,382,0.68,60,146575,429,0.93,92,165894,145,64,145,76,65,93,82,68.4,214602435723,39133013039,0.0,0.0,100.0,100.0,0.0,0.0,0.0,0.0,0.0,0.0,0.0,0.0,0.0,0.0,0.0,0.0,0.0,0.0,0.0,0.0
10:29:16,382,0.68,60,146575,429,0.93,92,165894,145,64,144,76,65,93,82,68.4,214624804379,39136895475,0.0,0.0,100.0,100.0,0.0,0.0,0.0,0.0,0.0,9.1,0.0,0.0,0.0,0.0,0.0,0.0,0.0,0.0,0.0,0.0
10:29:16,382,0.68,60,146575,427,0.93,92,165894,145,64,145,76,65,93,82,68.4,214665008195,39143850780,0.0,0.0,100.0,100.0,0.0,0.0,0.0,0.0,0.0,0.0,0.0,0.0,0.0,0.0,0.0,0.0,0.0,0.0,0.0,0.0
10:29:16,382,0.68,60,146575,427,0.93,92,165894,145,64,145,76,65,93,82,68.4,214690358899,39148249511,0.0,0.0,100.0,100.0,0.0,0.0,0.0,0.0,0.0,0.0,0.0,0.0,0.0,0.0,0.0,0.0,0.0,0.0,0.0,0.0
10:29:17,386,0.67,60,146575,427,0.93,92,165894,145,64,144,76,65,93,82,68.4,214712691972,39152138112,0.0,0.0,100.0,100.0,0.0,0.0,0.0,0.0,0.0,0.0,0.0,0.0,0.0,0.0,0.0,0.0,0.0,0.0,0.0,0.0
10:29:17,386,0.67,60,146575,427,0.94,93,165894,145,64,145,76,65,93,82,68.4,214735186787,39156063883,0.0,0.0,100.0,100.0,0.0,0.0,0.0,0.0,0.0,0.0,0.0,0.0,0.0,0.0,0.0,0.0,0.0,0.0,0.0,0.0
10:29:17,386,0.67,60,146575,427,0.94,93,165894,145,64,146,76,65,93,82,68.4,214774510234,39162579553,0.0,0.0,100.0,100.0,0.0,0.0,0.0,0.0,0.0,0.0,0.0,0.0,0.0,0.0,0.0,0.0,0.0,0.0,0.0,0.0
10:29:18,383,0.68,60,146575,427,0.94,93,165894,145,64,145,76,65,93,82,68.4,214797464216,39166239150,0.0,0.0,100.0,100.0,0.0,0.0,0.0,0.0,0.0,0.0,0.0,0.0,0.0,0.0,0.0,0.0,0.0,0.0,0.0,0.0
10:29:18,383,0.68,60,146575,427,0.94,93,165894,145,64,146,76,65,93,82,66.7,214820856063,39169945134,9.1,0.0,100.0,100.0,0.0,0.0,0.0,0.0,0.0,0.0,0.0,0.0,0.0,0.0,0.0,0.0,0.0,0.0,0.0,0.0
10:29:19,383,0.68,60,146575,426,0.93,92,165894,145,64,147,76,65,93,81,56.0,214860390263,39176060170,0.0,0.0,100.0,100.0,0.0,0.0,0.0,0.0,0.0,0.0,0.0,0.0,0.0,0.0,0.0,0.0,0.0,0.0,0.0,0.0
10:29:19,383,0.68,60,146575,426,0.93,92,165894,146,64,144,76,65,93,81,50.6,214882969429,39179565898,0.0,0.0,100.0,100.0,0.0,0.0,0.0,0.0,0.0,0.0,0.0,0.0,0.0,0.0,0.0,0.0,0.0,0.0,0.0,0.0
10:29:19,385,0.66,59,146575,426,0.93,92,165894,145,64,146,76,65,93,81,40.2,214921792999,39185564601,0.0,0.0,100.0,100.0,0.0,0.0,0.0,0.0,0.0,0.0,0.0,0.0,0.0,0.0,0.0,0.0,0.0,0.0,0.0,0.0
10:29:20,385,0.66,59,146575,427,0.94,93,165894,145,64,143,76,65,93,81,36.6,214958548520,39190832959,0.0,0.0,0.0,100.0,0.0,0.0,0.0,0.0,0.0,0.0,0.0,0.0,0.0,0.0,0.0,0.0,0.0,0.0,0.0,0.0
10:29:20,385,0.66,59,146575,427,0.94,93,165894,143,64,137,76,65,93,81,33.3,214995173854,39195874145,0.0,0.0,0.0,100.0,0.0,0.0,0.0,0.0,0.0,0.0,0.0,0.0,0.0,0.0,0.0,0.0,0.0,0.0,0.0,0.0
10:29:21,386,0.68,61,146575,409,0.92,87,165894,138,64,138,76,65,93,81,21.9,215032592581,39200984178,0.0,0.0,0.0,100.0,0.0,0.0,0.0,0.0,0.0,0.0,0.0,0.0,0.0,0.0,0.0,0.0,0.0,0.0,0.0,0.0
10:29:22,386,0.68,61,146575,409,0.92,87,165894,137,64,138,74,63,89,77,11.0,215068506613,39205917149,0.0,0.0,0.0,100.0,0.0,0.0,0.0,0.0,0.0,0.0,0.0,0.0,0.0,0.0,0.0,0.0,0.0,0.0,0.0,0.0
10:29:22,384,0.67,59,146575,409,0.92,87,165894,138,64,140,74,63,89,77,4.8,215089825467,39208798184,0.0,0.0,0.0,0.0,0.0,0.0,0.0,0.0,0.0,0.0,0.0,0.0,0.0,0.0,0.0,0.0,0.0,0.0,0.0,0.0
10:29:22,384,0.67,59,146575,409,0.92,87,165894,138,64,114,74,63,89,77,4.8,215104796132,39211558187,0.0,0.0,0.0,0.0,0.0,0.0,0.0,0.0,0.0,0.0,0.0,0.0,0.0,0.0,0.0,0.0,0.0,0.0,0.0,0.0
10:29:23,384,0.67,59,146575,363,0.85,72,165894,126,64,106,74,63,89,77,4.8,215124929137,39216193002,0.0,0.0,0.0,0.0,0.0,0.0,0.0,0.0,0.0,0.0,0.0,0.0,0.0,0.0,0.0,0.0,0.0,0.0,0.0,0.0
10:29:23,386,0.67,60,146575,363,0.85,72,165894,113,64,106,74,63,89,77,4.8,215144673898,39220714108,0.0,0.0,0.0,0.0,0.0,0.0,0.0,0.0,0.0,0.0,0.0,0.0,0.0,0.0,0.0,0.0,0.0,0.0,0.0,0.0
10:29:24,386,0.67,60,146575,325,0.89,67,165894,104,64,101,74,63,89,77,4.8,215156119731,39223372183,0.0,0.0,0.0,0.0,0.0,0.0,0.0,0.0,0.0,0.0,0.0,0.0,0.0,0.0,0.0,0.0,0.0,0.0,0.0,0.0
-
10:29:30,384,0.67,60,146575,327,0.9,68,165894,103,64,105,55,46,69,58,4.8,215386326661,39275369181,0.0,0.0,0.0,0.0,0.0,100.0,100.0,0.0,0.0,0.0,0.0,0.0,0.0,0.0,0.0,0.0,0.0,0.0,0.0,0.0
10:29:30,387,0.68,61,146575,327,0.9,68,165894,105,64,105,55,46,69,58,4.8,215409544924,39280269315,0.0,0.0,0.0,0.0,0.0,100.0,100.0,0.0,0.0,0.0,0.0,0.0,0.0,0.0,0.0,0.0,0.0,0.0,0.0,0.0
10:29:31,387,0.68,61,146575,333,0.9,69,165894,105,64,104,55,46,69,58,4.8,215435152891,39284992325,0.0,0.0,0.0,0.0,0.0,100.0,100.0,0.0,0.0,0.0,0.0,0.0,0.0,0.0,0.0,0.0,0.0,0.0,0.0,0.0
10:29:31,383,0.69,61,146575,333,0.9,69,165894,101,64,97,55,46,69,58,4.8,215457839051,39287786691,9.1,0.0,0.0,0.0,0.0,100.0,100.0,0.0,0.0,0.0,0.0,0.0,0.0,0.0,0.0,0.0,0.0,0.0,0.0,0.0
10:29:32,383,0.69,61,146575,333,0.9,69,165894,105,64,135,55,46,69,58,4.8,215479633002,39290495668,0.0,0.0,0.0,0.0,0.0,100.0,100.0,0.0,0.0,0.0,0.0,0.0,0.0,0.0,0.0,0.0,9.1,0.0,0.0,0.0
10:29:32,383,0.69,61,146575,399,0.92,85,165894,117,64,136,55,46,69,58,4.8,215501628673,39293215754,0.0,0.0,0.0,0.0,0.0,100.0,100.0,0.0,0.0,0.0,0.0,0.0,0.0,0.0,0.0,0.0,0.0,0.0,0.0,0.0
10:29:32,383,0.69,61,146575,399,0.92,85,165894,125,64,135,55,46,69,58,4.8,215523133195,39295890796,0.0,0.0,0.0,0.0,0.0,100.0,100.0,0.0,0.0,0.0,0.0,0.0,0.0,0.0,0.0,0.0,0.0,0.0,0.0,0.0
10:29:33,383,0.69,61,146575,399,0.92,85,165894,136,64,138,67,57,81,70,4.8,215545240988,39298583416,0.0,0.0,0.0,0.0,0.0,100.0,100.0,0.0,0.0,0.0,0.0,0.0,0.0,0.0,0.0,0.0,0.0,0.0,0.0,0.0
10:29:33,390,0.69,62,146575,399,0.92,85,165894,136,64,136,67,57,81,70,4.9,215566842922,39301255711,0.0,0.0,0.0,0.0,0.0,100.0,100.0,0.0,0.0,0.0,0.0,0.0,0.0,0.0,0.0,0.0,0.0,0.0,0.0,0.0
10:29:33,390,0.69,62,146575,404,0.92,86,165894,136,64,136,67,57,81,70,4.9,215588486361,39303938871,0.0,0.0,0.0,0.0,0.0,100.0,100.0,0.0,0.0,0.0,0.0,0.0,0.0,0.0,0.0,0.0,0.0,0.0,0.0,0.0
10:29:33,390,0.69,62,146575,404,0.92,86,165894,137,64,136,67,57,81,70,4.9,215625566039,39308496904,0.0,0.0,0.0,0.0,0.0,100.0,100.0,0.0,0.0,0.0,0.0,0.0,0.0,0.0,0.0,0.0,0.0,0.0,0.0,0.0
10:29:34,381,0.66,58,146575,404,0.92,86,165894,136,64,136,67,57,81,70,4.9,215647692996,39311242380,0.0,0.0,0.0,0.0,0.0,100.0,100.0,0.0,0.0,0.0,0.0,0.0,0.0,0.0,0.0,0.0,0.0,0.0,0.0,0.0
10:29:34,381,0.66,58,146575,404,0.92,86,165894,136,64,139,67,57,81,70,5.7,215671825381,39314971313,0.0,0.0,0.0,0.0,0.0,100.0,100.0,0.0,0.0,0.0,0.0,0.0,0.0,0.0,0.0,0.0,0.0,0.0,0.0,0.0
10:29:35,381,0.66,58,146575,418,0.93,90,165894,138,64,142,67,57,81,70,6.8,215701750414,39319733081,0.0,0.0,0.0,0.0,0.0,100.0,100.0,0.0,0.0,0.0,0.0,0.0,0.0,0.0,0.0,0.0,0.0,9.1,0.0,0.0
10:29:35,381,0.66,58,146575,418,0.93,90,165894,140,64,142,67,57,81,70,8.3,215739795238,39325851901,0.0,0.0,0.0,0.0,0.0,100.0,100.0,0.0,0.0,0.0,0.0,0.0,0.0,0.0,0.0,0.0,0.0,0.0,0.0,0.0
10:29:36,385,0.68,60,146575,418,0.93,90,165894,142,64,141,73,63,89,78,9.2,215762348342,39329494775,0.0,0.0,0.0,0.0,0.0,100.0,100.0,0.0,0.0,0.0,0.0,0.0,0.0,0.0,0.0,0.0,0.0,0.0,0.0,0.0
10:29:36,385,0.68,60,146575,418,0.93,90,165894,142,64,142,73,63,89,78,10.0,215785557572,39333159377,0.0,0.0,0.0,0.0,0.0,100.0,100.0,0.0,0.0,0.0,0.0,0.0,0.0,0.0,0.0,0.0,0.0,0.0,0.0,0.0
10:29:36,385,0.68,60,146575,418,0.93,90,165894,142,64,142,73,63,89,78,10.9,215808396320,39336814336,9.1,0.0,0.0,0.0,0.0,100.0,100.0,0.0,0.0,0.0,0.0,0.0,0.0,0.0,0.0,0.0,0.0,0.0,0.0,0.0
10:29:37,385,0.68,60,146575,418,0.93,90,165894,142,64,142,73,63,89,78,11.8,215831560506,39340502071,0.0,0.0,9.1,0.0,0.0,100.0,100.0,0.0,0.0,0.0,0.0,0.0,0.0,0.0,0.0,0.0,0.0,0.0,0.0,0.0
10:29:37,384,0.68,60,146575,418,0.93,90,165894,142,64,142,73,63,89,78,12.7,215853837000,39344055162,0.0,0.0,0.0,0.0,0.0,100.0,100.0,0.0,0.0,0.0,0.0,0.0,0.0,0.0,0.0,0.0,9.1,0.0,0.0,0.0
10:29:37,384,0.68,60,146575,420,0.92,90,165894,142,64,143,73,63,89,78,13.5,215876457303,39347610329,0.0,0.0,0.0,0.0,0.0,100.0,100.0,0.0,0.0,0.0,0.0,0.0,0.0,0.0,0.0,0.0,0.0,0.0,0.0,0.0
10:29:37,384,0.68,60,146575,420,0.92,90,165894,142,64,142,73,63,89,78,15.0,215914298759,39353645836,0.0,0.0,0.0,0.0,0.0,100.0,100.0,0.0,0.0,0.0,0.0,0.0,0.0,0.0,0.0,0.0,0.0,0.0,0.0,0.0
10:29:38,379,0.66,58,146575,420,0.92,90,165894,142,64,141,73,63,89,78,15.8,215936554805,39357219985,0.0,0.0,0.0,0.0,0.0,100.0,100.0,0.0,0.0,0.0,0.0,0.0,0.0,0.0,0.0,0.0,0.0,0.0,0.0,0.0
10:29:38,379,0.66,58,146575,420,0.92,90,165894,142,64,142,74,63,91,79,17.3,215974895039,39363297911,0.0,0.0,0.0,0.0,0.0,100.0,100.0,0.0,0.0,0.0,0.0,0.0,0.0,0.0,0.0,0.0,0.0,0.0,0.0,0.0
10:29:39,379,0.66,58,146575,421,0.93,90,165894,142,64,142,74,63,91,79,18.7,216012154832,39369282698,0.0,0.0,0.0,0.0,0.0,100.0,100.0,0.0,0.0,0.0,0.0,0.0,0.0,0.0,0.0,0.0,0.0,0.0,0.0,0.0
10:29:39,385,0.67,60,146575,421,0.93,90,165894,141,64,142,74,63,91,79,19.6,216034845325,39372917881,0.0,0.0,0.0,0.0,0.0,100.0,100.0,0.0,0.0,0.0,0.0,0.0,0.0,0.0,0.0,0.0,0.0,0.0,0.0,0.0
10:29:40,385,0.67,60,146575,421,0.93,90,165894,141,64,142,74,63,91,79,20.4,216057476249,39376494776,0.0,0.0,0.0,0.0,0.0,100.0,100.0,0.0,0.0,0.0,0.0,0.0,0.0,0.0,0.0,0.0,0.0,0.0,0.0,0.0
10:29:40,385,0.67,60,146575,420,0.93,90,165895,141,64,142,74,63,91,79,21.9,216096036331,39382619517,0.0,0.0,0.0,0.0,0.0,100.0,100.0,0.0,0.0,0.0,0.0,0.0,0.0,0.0,0.0,0.0,0.0,0.0,0.0,0.0
10:29:40,385,0.67,60,146575,420,0.93,90,165895,142,64,142,74,63,91,79,22.8,216118769305,39386249634,0.0,0.0,0.0,0.0,0.0,100.0,100.0,0.0,0.0,0.0,0.0,0.0,0.0,0.0,0.0,0.0,0.0,0.0,0.0,0.0
10:29:41,384,0.68,60,146575,420,0.93,90,165895,142,64,142,74,63,91,79,24.3,216158863685,39392614974,0.0,0.0,0.0,0.0,0.0,100.0,100.0,0.0,0.0,0.0,0.0,0.0,0.0,0.0,0.0,0.0,0.0,0.0,0.0,0.0
10:29:41,384,0.68,60,146575,419,0.92,90,165895,142,64,142,74,63,91,79,25.9,216199886590,39399141630,0.0,0.0,0.0,0.0,0.0,100.0,100.0,0.0,0.0,0.0,0.0,0.0,0.0,0.0,0.0,0.0,0.0,0.0,0.0,0.0
10:29:42,384,0.68,60,146575,419,0.92,90,165895,142,64,142,74,63,91,79,26.8,216224058891,39403007038,0.0,0.0,0.0,0.0,0.0,100.0,100.0,0.0,0.0,0.0,0.0,0.0,0.0,0.0,0.0,0.0,0.0,0.0,0.0,0.0
10:29:42,385,0.68,60,146575,419,0.92,90,165895,142,64,142,74,63,91,79,27.7,216247111078,39406660959,0.0,0.0,0.0,0.0,0.0,100.0,100.0,0.0,0.0,0.0,0.0,0.0,0.0,0.0,0.0,0.0,0.0,0.0,0.0,0.0
10:29:43,385,0.68,60,146575,420,0.93,90,165895,142,64,142,74,63,91,79,28.6,216272127433,39410647826,0.0,0.0,0.0,0.0,0.0,100.0,100.0,0.0,0.0,0.0,0.0,0.0,0.0,0.0,0.0,0.0,0.0,0.0,0.0,0.0
10:29:43,385,0.68,60,146575,420,0.93,90,165895,142,64,142,74,63,91,79,29.5,216295240350,39414307790,0.0,0.0,0.0,0.0,0.0,100.0,100.0,0.0,0.0,0.0,0.0,0.0,0.0,0.0,0.0,0.0,0.0,0.0,0.0,0.0
10:29:43,385,0.68,60,146575,420,0.93,90,165895,142,64,142,74,63,91,79,30.4,216318026607,39417933879,0.0,0.0,0.0,0.0,0.0,100.0,100.0,0.0,0.0,0.0,0.0,0.0,0.0,0.0,0.0,0.0,0.0,0.0,0.0,0.0
10:29:43,382,0.68,60,146575,420,0.93,90,165895,142,64,141,74,63,91,79,31.9,216356984943,39424179530,0.0,0.0,0.0,0.0,0.0,100.0,100.0,0.0,0.0,0.0,0.0,0.0,0.0,0.0,0.0,0.0,9.1,0.0,0.0,0.0
10:29:44,382,0.68,60,146575,420,0.93,90,165895,142,64,142,74,63,91,79,32.8,216379882406,39427831315,0.0,0.0,0.0,0.0,0.0,100.0,100.0,0.0,0.0,0.0,0.0,0.0,0.0,0.0,0.0,0.0,0.0,0.0,0.0,0.0
10:29:44,382,0.68,60,146575,420,0.93,90,165895,142,64,142,74,63,91,79,33.6,216402432580,39431395515,0.0,0.0,0.0,0.0,0.0,100.0,100.0,0.0,0.0,0.0,0.0,0.0,0.0,0.0,0.0,0.0,0.0,0.0,0.0,0.0
10:29:45,381,0.67,59,146575,420,0.93,90,165895,142,64,141,74,63,91,79,34.6,216427138694,39435344846,9.1,0.0,0.0,0.0,0.0,100.0,100.0,0.0,0.0,0.0,0.0,0.0,0.0,0.0,0.0,0.0,0.0,0.0,0.0,0.0
10:29:45,381,0.67,59,146575,420,0.93,90,165895,142,64,142,74,63,91,79,35.5,216450931846,39439126147,0.0,0.0,0.0,0.0,0.0,100.0,100.0,0.0,0.0,0.0,0.0,0.0,0.0,0.0,0.0,0.0,0.0,0.0,0.0,0.0
10:29:45,381,0.67,59,146575,421,0.93,91,165895,142,64,142,74,63,91,79,36.4,216474503868,39442848122,0.0,0.0,0.0,0.0,0.0,100.0,100.0,0.0,0.0,0.0,0.0,0.0,0.0,0.0,0.0,0.0,0.0,0.0,0.0,0.0
10:29:46,381,0.67,59,146575,421,0.93,91,165895,142,64,142,74,63,91,79,37.2,216497157374,39446451568,0.0,0.0,0.0,0.0,0.0,100.0,100.0,0.0,0.0,0.0,0.0,0.0,0.0,0.0,0.0,0.0,0.0,0.0,0.0,0.0
10:29:46,389,0.68,61,146575,421,0.93,91,165895,142,64,142,74,63,91,79,38.1,216519317901,39449971273,0.0,0.0,0.0,0.0,0.0,100.0,100.0,0.0,0.0,0.0,0.0,0.0,0.0,0.0,0.0,0.0,0.0,0.0,0.0,0.0
10:29:46,389,0.68,61,146575,421,0.93,91,165895,142,64,142,74,63,91,79,38.9,216542702729,39453654003,0.0,0.0,0.0,0.0,0.0,100.0,100.0,0.0,0.0,0.0,0.0,0.0,0.0,0.0,0.0,0.0,0.0,0.0,0.0,0.0
10:29:47,389,0.68,61,146575,423,0.94,92,165895,142,64,142,75,63,91,79,39.8,216565257114,39457222109,0.0,0.0,0.0,0.0,0.0,100.0,100.0,0.0,0.0,0.0,0.0,0.0,0.0,0.0,0.0,0.0,0.0,0.0,0.0,0.0
10:29:47,389,0.68,61,146575,423,0.94,92,165895,142,64,142,75,63,91,79,40.7,216588272864,39460905144,0.0,0.0,0.0,0.0,0.0,100.0,100.0,0.0,0.0,0.0,0.0,0.0,0.0,0.0,0.0,0.0,0.0,0.0,0.0,0.0
10:29:47,389,0.68,61,146575,423,0.94,92,165895,142,64,142,75,63,91,79,42.1,216626606811,39466929726,0.0,0.0,0.0,0.0,0.0,100.0,100.0,0.0,0.0,0.0,0.0,0.0,0.0,0.0,0.0,0.0,0.0,0.0,0.0,0.0
10:29:48,384,0.66,59,146575,419,0.92,89,165895,142,64,142,75,63,91,79,43.0,216649712282,39470641020,0.0,0.0,0.0,0.0,0.0,100.0,100.0,0.0,0.0,0.0,0.0,0.0,0.0,0.0,0.0,0.0,0.0,0.0,0.0,0.0
10:29:48,384,0.66,59,146575,419,0.92,89,165895,142,64,142,75,63,91,79,43.9,216672385807,39474226399,0.0,0.0,0.0,0.0,0.0,100.0,100.0,0.0,0.0,0.0,0.0,0.0,0.0,0.0,0.0,0.0,0.0,0.0,0.0,0.0
10:29:48,384,0.66,59,146575,419,0.92,89,165895,142,64,142,75,63,91,79,45.3,216710534269,39480296085,0.0,0.0,0.0,0.0,0.0,100.0,100.0,0.0,0.0,0.0,0.0,0.0,0.0,0.0,0.0,0.0,0.0,0.0,0.0,0.0
10:29:49,384,0.67,59,146575,419,0.92,89,165895,142,64,142,75,63,91,79,46.8,216749075553,39486460743,0.0,0.0,0.0,0.0,0.0,100.0,100.0,0.0,0.0,0.0,0.0,0.0,0.0,0.0,0.0,0.0,0.0,0.0,0.0,0.0
10:29:49,384,0.67,59,146575,419,0.93,90,165895,142,64,142,75,63,91,79,47.7,216772244866,39490187845,0.0,0.0,0.0,0.0,0.0,100.0,100.0,0.0,0.0,0.0,0.0,0.0,0.0,0.0,0.0,9.1,0.0,0.0,0.0,0.0
10:29:50,384,0.67,59,146575,419,0.93,90,165895,142,64,142,75,63,91,79,49.2,216810563737,39496221338,0.0,0.0,0.0,0.0,0.0,100.0,100.0,0.0,0.0,0.0,0.0,0.0,0.0,0.0,0.0,0.0,0.0,0.0,0.0,0.0
10:29:50,388,0.68,61,146575,419,0.93,90,165895,142,64,142,75,63,91,79,50.6,216848731364,39502298471,0.0,0.0,0.0,0.0,0.0,100.0,100.0,0.0,0.0,0.0,0.0,0.0,0.0,0.0,0.0,0.0,0.0,0.0,0.0,0.0
10:29:51,388,0.68,61,146575,419,0.93,91,165895,142,64,142,75,63,91,79,51.5,216871419600,39505920837,0.0,0.0,0.0,0.0,0.0,100.0,100.0,0.0,0.0,0.0,0.0,0.0,0.0,0.0,0.0,0.0,0.0,0.0,0.0,0.0
10:29:51,388,0.68,61,146575,419,0.93,91,165895,142,64,143,75,63,91,79,52.4,216893906053,39509451895,0.0,0.0,0.0,0.0,0.0,100.0,100.0,0.0,0.0,0.0,0.0,0.0,0.0,0.0,0.0,0.0,0.0,0.0,0.0,0.0
10:29:51,384,0.69,61,146575,419,0.93,91,165895,142,64,142,75,63,91,79,53.8,216932414988,39515564916,0.0,0.0,0.0,0.0,0.0,100.0,100.0,0.0,0.0,0.0,0.0,0.0,0.0,0.0,0.0,0.0,0.0,0.0,0.0,0.0
10:29:52,384,0.69,61,146575,417,0.93,90,165895,142,64,141,75,63,91,79,55.3,216971183932,39521713887,0.0,0.0,0.0,0.0,0.0,100.0,100.0,0.0,0.0,0.0,0.0,0.0,0.0,0.0,0.0,0.0,0.0,0.0,0.0,0.0
10:29:52,384,0.69,61,146575,417,0.93,90,165895,142,64,142,74,64,91,79,56.2,216994344944,39525396739,0.0,0.0,0.0,0.0,0.0,100.0,100.0,0.0,0.0,0.0,0.0,0.0,0.0,0.0,0.0,0.0,0.0,0.0,0.0,0.0
10:29:53,386,0.67,60,146575,417,0.93,90,165895,142,64,142,74,64,91,79,57.1,217016673317,39528949037,0.0,0.0,0.0,0.0,0.0,100.0,100.0,0.0,0.0,0.0,0.0,0.0,0.0,0.0,0.0,0.0,0.0,0.0,0.0,0.0
10:29:53,386,0.67,60,146575,420,0.93,91,165895,142,64,143,74,64,91,79,57.9,217039293132,39532542900,0.0,0.0,0.0,0.0,0.0,100.0,100.0,0.0,0.0,0.0,0.0,0.0,0.0,0.0,0.0,9.1,0.0,0.0,0.0,0.0
10:29:53,386,0.67,60,146575,420,0.93,91,165895,142,64,143,74,64,91,79,59.4,217078392092,39538702552,0.0,0.0,0.0,0.0,0.0,100.0,100.0,0.0,0.0,0.0,0.0,0.0,0.0,0.0,0.0,0.0,0.0,0.0,0.0,0.0
10:29:54,386,0.67,60,146575,420,0.93,91,165895,143,64,142,74,64,91,79,60.4,217104468625,39542883144,0.0,0.0,0.0,0.0,0.0,100.0,100.0,0.0,0.0,0.0,0.0,0.0,0.0,0.0,0.0,0.0,0.0,0.0,0.0,0.0
10:29:54,385,0.68,61,146575,420,0.93,91,165895,142,64,143,74,64,91,79,61.9,217143665119,39549065807,0.0,0.0,0.0,0.0,0.0,100.0,100.0,0.0,0.0,0.0,0.0,0.0,0.0,0.0,0.0,0.0,0.0,0.0,0.0,0.0
10:29:55,385,0.68,61,146575,421,0.95,92,165895,143,64,143,74,64,91,79,63.3,217181574934,39555105098,0.0,0.0,0.0,0.0,0.0,100.0,100.0,0.0,0.0,0.0,0.0,0.0,0.0,0.0,0.0,0.0,0.0,0.0,0.0,0.0
10:29:55,388,0.67,60,146575,421,0.95,92,165895,143,64,142,74,64,91,80,64.3,217206554850,39559111435,0.0,0.0,0.0,0.0,0.0,100.0,100.0,0.0,0.0,0.0,0.0,0.0,0.0,0.0,0.0,0.0,0.0,0.0,0.0,0.0
10:29:56,388,0.67,60,146575,421,0.95,92,165895,143,64,144,74,64,91,80,65.2,217230133220,39562813635,0.0,0.0,0.0,0.0,0.0,100.0,100.0,0.0,0.0,0.0,0.0,0.0,0.0,0.0,0.0,0.0,0.0,0.0,0.0,0.0
10:29:56,388,0.67,60,146575,425,0.93,91,165895,143,64,143,74,64,91,80,66.6,217268193914,39568844931,0.0,0.0,0.0,0.0,0.0,100.0,100.0,0.0,0.0,0.0,0.0,0.0,0.0,0.0,0.0,0.0,0.0,0.0,0.0,0.0
10:29:56,388,0.67,60,146575,425,0.93,91,165895,143,64,142,74,64,91,80,67.5,217290765755,39572442578,0.0,0.0,0.0,0.0,0.0,100.0,100.0,0.0,0.0,0.0,0.0,0.0,0.0,0.0,0.0,0.0,0.0,0.0,0.0,0.0
10:29:57,388,0.71,64,146576,425,0.93,91,165895,142,64,145,74,64,91,80,68.4,217315870793,39576402224,0.0,0.0,0.0,0.0,0.0,100.0,100.0,0.0,0.0,0.0,0.0,0.0,0.0,0.0,0.0,0.0,0.0,0.0,0.0,0.0
10:29:57,388,0.71,64,146576,426,0.93,92,165895,143,64,144,74,64,91,80,68.4,217338446724,39580282951,0.0,0.0,0.0,0.0,0.0,100.0,100.0,0.0,0.0,0.0,0.0,0.0,0.0,0.0,0.0,0.0,0.0,0.0,0.0,0.0
10:29:57,388,0.71,64,146576,426,0.93,92,165895,144,64,145,74,64,91,80,68.4,217376544894,39586903479,0.0,0.0,0.0,0.0,0.0,100.0,100.0,0.0,0.0,0.0,0.0,0.0,0.0,0.0,0.0,0.0,0.0,0.0,0.0,0.0
10:29:58,386,0.67,60,146576,426,0.93,92,165895,145,64,146,75,64,92,81,68.4,217415238947,39593589313,0.0,0.0,0.0,0.0,0.0,100.0,100.0,0.0,0.0,0.0,0.0,0.0,0.0,0.0,0.0,0.0,0.0,0.0,0.0,0.0
10:29:58,386,0.67,60,146576,425,0.93,92,165895,145,64,145,75,64,92,81,68.4,217438046628,39597537362,0.0,0.0,0.0,0.0,0.0,100.0,100.0,0.0,0.0,0.0,0.0,0.0,0.0,0.0,0.0,0.0,0.0,0.0,0.0,0.0
10:29:59,386,0.67,60,146576,425,0.93,92,165895,145,64,145,75,64,92,81,68.4,217460272951,39601367309,0.0,0.0,9.1,0.0,0.0,100.0,100.0,0.0,0.0,0.0,0.0,0.0,0.0,0.0,0.0,0.0,0.0,0.0,0.0,0.0
10:29:59,386,0.67,60,146576,425,0.93,92,165895,145,64,146,75,64,92,81,68.4,217483468570,39605293202,0.0,0.0,0.0,0.0,0.0,100.0,100.0,0.0,0.0,0.0,0.0,0.0,0.0,0.0,0.0,0.0,0.0,0.0,0.0,0.0
10:29:59,388,0.68,61,146576,425,0.93,92,165895,145,64,145,75,64,92,81,68.4,217523599082,39612276460,0.0,0.0,0.0,0.0,0.0,100.0,100.0,0.0,0.0,0.0,0.0,0.0,0.0,0.0,0.0,0.0,0.0,0.0,0.0,0.0
10:30:00,388,0.68,61,146576,427,0.93,92,165895,145,64,145,75,64,92,81,68.4,217561632127,39618833939,0.0,0.0,0.0,0.0,0.0,100.0,100.0,0.0,0.0,0.0,0.0,0.0,0.0,0.0,0.0,0.0,0.0,0.0,0.0,0.0
10:30:00,388,0.68,61,146576,427,0.93,92,165895,145,64,145,75,64,92,81,68.4,217600020274,39625530516,0.0,0.0,0.0,0.0,0.0,100.0,100.0,0.0,0.0,0.0,0.0,0.0,0.0,0.0,0.0,0.0,0.0,0.0,0.0,0.0
10:30:01,381,0.66,58,146576,427,0.93,92,165895,145,64,145,75,64,93,81,68.4,217622905225,39629491932,0.0,0.0,0.0,0.0,0.0,100.0,100.0,0.0,0.0,0.0,0.0,0.0,0.0,0.0,0.0,0.0,0.0,0.0,0.0,0.0
10:30:01,381,0.66,58,146576,427,0.93,93,165895,145,64,145,75,64,93,81,68.4,217661373205,39636136812,0.0,0.0,0.0,0.0,0.0,100.0,100.0,0.0,0.0,0.0,0.0,0.0,0.0,0.0,0.0,0.0,0.0,0.0,0.0,0.0
10:30:02,381,0.66,58,146576,427,0.93,93,165895,145,64,144,75,64,93,81,63.4,217700182065,39642368485,0.0,0.0,0.0,0.0,0.0,100.0,100.0,0.0,0.0,0.0,0.0,0.0,0.0,0.0,0.0,0.0,0.0,0.0,0.0,0.0
10:30:02,387,0.68,61,146576,427,0.93,93,165895,144,64,143,75,64,93,81,52.1,217723837461,39645339364,0.0,0.0,0.0,0.0,0.0,100.0,100.0,0.0,0.0,0.0,0.0,0.0,0.0,0.0,0.0,0.0,0.0,0.0,0.0,0.0
10:30:03,387,0.68,61,146576,426,0.94,93,165895,144,64,146,75,64,93,81,40.9,217747651426,39648291383,0.0,0.0,0.0,0.0,0.0,100.0,100.0,0.0,0.0,0.0,0.0,0.0,0.0,0.0,0.0,0.0,0.0,0.0,0.0,0.0
10:30:03,387,0.68,61,146576,426,0.94,93,165895,144,64,143,75,64,93,81,30.0,217770663452,39651185541,0.0,0.0,0.0,0.0,0.0,100.0,100.0,0.0,0.0,0.0,0.0,0.0,0.0,0.0,0.0,0.0,0.0,0.0,0.0,0.0
10:30:03,380,0.68,59,146576,426,0.94,93,165895,144,64,142,75,64,93,81,9.8,217812240128,39656380413,0.0,0.0,0.0,0.0,0.0,100.0,100.0,0.0,0.0,0.0,0.0,0.0,0.0,0.0,0.0,0.0,0.0,0.0,0.0,0.0
10:30:04,380,0.68,59,146576,426,0.94,93,165895,145,64,149,76,65,93,82,4.8,217834329610,39659403476,0.0,0.0,0.0,0.0,0.0,0.0,0.0,0.0,0.0,0.0,0.0,0.0,0.0,0.0,0.0,0.0,0.0,0.0,0.0,0.0
10:30:04,380,0.68,59,146576,412,0.84,80,165895,143,64,112,76,65,93,82,4.8,217847206286,39662099941,0.0,0.0,0.0,0.0,0.0,0.0,0.0,0.0,0.0,0.0,0.0,0.0,0.0,0.0,0.0,0.0,0.0,0.0,0.0,0.0
10:30:05,380,0.68,59,146576,412,0.84,80,165895,129,64,105,76,65,93,82,4.8,217858952350,39664817281,0.0,0.0,0.0,0.0,0.0,0.0,0.0,0.0,0.0,0.0,0.0,0.0,0.0,0.0,0.0,0.0,0.0,0.0,0.0,0.0
10:30:05,385,0.67,60,146576,412,0.84,80,165895,120,64,105,76,65,93,82,4.8,217870704456,39667453443,0.0,0.0,0.0,0.0,0.0,0.0,0.0,0.0,0.0,0.0,0.0,0.0,0.0,0.0,0.0,0.0,0.0,0.0,0.0,0.0
-
