PDU-L_Current,PDU-L_PowerFactor,PDU-L_Load,PDU-L_Energy,PDU-R_Current,PDU-R_PowerFactor,PDU-R_Load,PDU-R_Energy,IPMI_Current,IPMI_State,Redfish_PowerControl_Current,Redfish_PowerSupplies1_InputWatts,Redfish_PowerSupplies1_OutputWatts,Redfish_PowerSupplies2_InputWatts,Redfish_PowerSupplies2_OutputWatts,Memory_Usage,INTEL-RAPL0_CPU,INTEL-RAPL0_MEM,CPU1,CPU2,CPU3,CPU4,CPU5,CPU6,CPU7,CPU8,CPU9,CPU10,CPU11,CPU12,CPU13,CPU14,CPU15,CPU16,CPU17,CPU18,CPU19,CPU20,timestamp
388.0,0.67,60.0,145279.0,330.0,0.9,68.0,164449.0,103.0,64.0,103.0,55.0,45.0,69.0,59.0,4.7,42871297353.0,178496083454.0,0.0,0.0,0.0,0.0,0.0,0.0,0.0,0.0,0.0,0.0,0.0,0.0,0.0,0.0,0.0,0.0,0.0,0.0,0.0,0.0,0
388.0,0.68,60.67,145279.0,330.0,0.89,68.0,164449.0,103.0,64.0,103.67,55.0,45.0,69.0,59.0,4.7,42895224721.33,178501427190.33,0.0,0.0,0.0,0.0,0.0,0.0,0.0,0.0,0.0,0.0,0.0,0.0,0.0,0.0,0.0,0.0,0.0,0.0,0.0,0.0,1
388.0,0.69,62.0,145279.0,330.67,0.89,68.33,164449.0,103.0,64.0,103.33,55.0,45.0,69.0,59.0,4.7,42930692220.33,178509537887.0,0.0,0.0,0.0,0.0,0.0,0.0,0.0,0.0,0.0,0.0,0.0,17.5,0.0,0.0,0.0,0.0,0.0,0.0,3.33,0.0,2
390.0,0.69,62.0,145279.0,332.0,0.89,69.0,164449.0,103.33,64.0,104.0,55.67,45.67,69.0,59.0,4.7,42966776946.67,178517874047.33,0.0,0.0,0.0,0.0,0.0,0.0,0.0,0.0,0.0,0.0,0.0,22.43,0.0,0.0,0.0,0.0,0.0,0.0,0.0,0.0,3
395.33,0.66,60.0,145279.0,332.0,0.89,69.0,164449.0,104.0,64.0,103.0,56.0,46.0,69.0,59.0,4.7,43003002379.0,178526243695.33,0.0,0.0,0.0,0.0,0.0,0.0,0.0,0.0,0.0,0.0,0.0,19.4,3.33,0.0,0.0,0.0,0.0,0.0,0.0,0.0,4
393.67,0.65,59.33,145279.0,330.67,0.9,69.0,164449.0,103.0,64.0,103.0,56.0,46.0,69.0,59.0,4.7,43039837286.33,178534754517.33,0.0,0.0,0.0,0.0,0.0,0.0,0.0,0.0,0.0,0.0,0.0,16.97,0.0,0.0,3.03,0.0,0.0,0.0,0.0,0.0,5
385.0,0.67,60.0,145279.0,330.0,0.9,69.0,164449.0,103.0,64.0,103.67,55.0,46.0,69.0,58.0,4.7,43076145624.0,178543148234.0,0.0,0.0,0.0,0.0,0.0,0.0,0.0,0.0,0.0,0.0,0.0,14.07,0.0,0.0,0.0,3.03,0.0,0.0,0.0,0.0,6
387.25,0.68,60.75,145279.0,330.0,0.9,69.0,164449.0,103.0,64.0,103.0,55.0,46.0,69.0,58.0,4.7,43118479902.0,178552932719.25,0.0,2.28,0.0,0.0,0.0,0.0,0.0,0.0,0.0,0.0,0.0,17.77,0.0,0.0,0.0,0.0,0.0,0.0,0.0,0.0,7
386.67,0.67,59.67,145279.0,330.0,0.9,69.0,164449.0,103.0,64.0,103.0,55.33,45.67,69.0,58.33,4.7,43160897462.33,178562753266.0,0.0,0.0,0.0,0.0,0.0,0.0,0.0,0.0,0.0,0.0,0.0,22.43,0.0,0.0,0.0,0.0,0.0,0.0,0.0,0.0,8
385.0,0.66,59.33,145279.0,330.0,0.9,69.0,164449.0,103.0,64.0,103.0,56.0,45.0,69.0,59.0,4.7,43197249298.0,178571153960.67,0.0,0.0,0.0,0.0,0.0,0.0,0.0,0.0,0.0,0.0,0.0,19.93,0.0,0.0,0.0,0.0,0.0,0.0,0.0,0.0,9
383.0,0.67,60.0,145279.0,330.33,0.89,68.67,164449.0,103.0,64.0,103.0,56.0,45.0,69.0,59.0,4.7,43233816343.0,178579600817.67,0.0,0.0,0.0,0.0,0.0,0.0,0.0,0.0,0.0,0.0,0.0,17.03,0.0,0.0,0.0,0.0,0.0,0.0,0.0,0.0,10
390.0,0.68,61.0,145279.0,331.0,0.88,68.0,164449.0,103.0,64.0,102.67,55.67,45.0,69.0,59.0,4.7,43269601753.33,178587885159.67,0.0,0.0,0.0,0.0,0.0,0.0,0.0,0.0,0.0,0.0,0.0,17.03,0.0,3.03,0.0,0.0,0.0,0.0,0.0,0.0,11
388.0,0.68,60.5,145279.0,330.0,0.91,69.0,164449.0,103.0,64.0,103.0,55.0,45.0,69.0,59.0,4.7,43308191407.0,178596817143.5,0.0,0.0,0.0,0.0,0.0,0.0,0.0,0.0,0.0,0.0,0.0,11.1,6.25,0.0,0.0,0.0,0.0,0.0,0.0,0.0,12
386.0,0.68,60.0,145279.0,331.33,0.9,69.0,164449.0,103.33,64.0,103.67,55.0,45.0,69.0,59.0,4.7,43341744696.33,178604536504.67,0.0,0.0,0.0,0.0,0.0,0.0,0.0,0.0,0.0,0.0,0.0,12.73,8.33,0.0,0.0,0.0,0.0,0.0,0.0,0.0,13
390.0,0.68,62.0,145279.0,330.5,0.9,68.5,164449.0,103.0,64.0,103.0,55.0,45.0,69.0,59.0,4.7,43385905045.0,178614743550.5,0.0,0.0,0.0,0.0,0.0,0.0,0.0,0.0,0.0,0.0,0.0,21.1,0.0,0.0,0.0,0.0,0.0,0.0,0.0,0.0,14
386.0,0.67,60.67,145279.0,329.0,0.89,68.0,164449.0,103.0,64.0,103.0,55.0,45.0,69.0,59.0,4.7,43415509603.33,178621579348.33,0.0,0.0,0.0,0.0,0.0,0.0,0.0,0.0,0.0,0.0,0.0,24.43,0.0,0.0,0.0,0.0,0.0,0.0,0.0,0.0,15
384.67,0.67,60.0,145279.0,329.67,0.9,68.67,164449.0,103.0,64.0,103.33,55.0,45.0,69.0,59.0,4.7,43455068482.67,178630728596.33,0.0,0.0,0.0,0.0,0.0,0.0,0.0,0.0,0.0,0.0,0.0,17.03,0.0,0.0,0.0,0.0,0.0,0.0,0.0,0.0,16
386.67,0.67,60.33,145279.0,330.67,0.9,69.0,164449.0,103.0,64.0,103.0,55.0,45.0,69.0,59.0,4.7,43500007454.33,178641105360.33,0.0,0.0,0.0,0.0,0.0,0.0,0.0,0.0,0.0,0.0,0.0,13.33,6.67,0.0,0.0,0.0,0.0,0.0,0.0,0.0,17
388.0,0.68,61.0,145279.0,331.0,0.9,69.0,164449.0,103.0,64.0,103.5,55.0,45.0,69.0,59.0,4.7,43535370634.5,178649275780.0,0.0,0.0,0.0,0.0,0.0,0.0,0.0,0.0,0.0,0.0,0.0,14.65,6.25,0.0,0.0,0.0,0.0,0.0,0.0,0.0,18
383.5,0.68,60.25,145279.0,330.0,0.89,68.0,164449.0,103.25,64.0,103.0,55.0,45.0,69.0,59.0,4.7,43571619474.0,178657656358.25,0.0,0.0,0.0,0.0,0.0,0.0,0.0,0.0,0.0,0.0,0.0,7.05,9.38,0.0,0.0,0.0,0.0,0.0,0.0,0.0,19
387.33,0.68,61.33,145279.0,330.0,0.89,68.0,164449.0,103.0,64.0,102.33,56.0,46.0,69.0,59.0,4.7,43613604657.0,178667359830.0,0.0,0.0,0.0,0.0,0.0,0.0,0.0,0.0,0.0,0.0,0.0,0.0,18.97,0.0,0.0,0.0,0.0,0.0,0.0,0.0,20
387.67,0.68,61.0,145279.0,329.33,0.9,68.0,164449.0,103.0,64.0,103.0,56.0,46.0,69.0,59.0,4.7,43650611805.0,178675903204.0,0.0,0.0,0.0,0.0,0.0,0.0,0.0,0.0,0.0,0.0,0.0,7.03,10.83,0.0,0.0,0.0,0.0,0.0,0.0,0.0,21
383.0,0.67,59.0,145279.0,329.0,0.9,68.0,164449.0,103.0,64.0,103.5,56.0,46.0,69.0,59.0,4.7,43684762678.0,178683785396.0,0.0,0.0,4.55,0.0,0.0,0.0,0.0,0.0,0.0,0.0,0.0,15.0,6.25,0.0,5.0,0.0,0.0,0.0,0.0,0.0,22
388.33,0.69,61.67,145279.0,328.0,0.9,69.0,164449.0,103.0,64.0,103.0,55.0,45.0,69.0,58.0,4.7,43729453644.33,178694094543.33,0.0,0.0,0.0,0.0,0.0,0.0,0.0,0.0,0.0,0.0,0.0,9.4,18.5,0.0,0.0,0.0,0.0,0.0,0.0,0.0,23
396.0,0.68,63.0,145279.0,330.0,0.9,69.0,164449.0,103.0,64.0,103.0,55.0,45.0,69.0,58.0,4.7,43776776358.5,178705033541.5,0.0,0.0,0.0,0.0,0.0,0.0,0.0,0.0,0.0,0.0,0.0,9.1,22.2,0.0,0.0,0.0,0.0,0.0,0.0,0.0,24
396.0,0.68,63.0,145279.0,330.0,0.89,68.0,164449.0,103.0,64.0,103.0,55.0,45.0,69.0,58.0,4.7,43806858130.0,178711984573.0,0.0,0.0,0.0,0.0,0.0,0.0,0.0,0.0,0.0,0.0,0.0,25.0,20.0,0.0,0.0,0.0,0.0,0.0,0.0,0.0,25
385.0,0.67,60.0,145279.0,330.0,0.89,68.33,164449.0,103.0,64.0,103.0,55.0,45.0,69.0,59.0,4.7,43841620146.0,178720027582.33,0.0,0.0,0.0,0.0,0.0,0.0,0.0,0.0,0.0,0.0,0.0,16.07,0.0,12.5,0.0,0.0,0.0,0.0,0.0,0.0,26
388.0,0.67,61.0,145279.0,330.0,0.9,69.0,164449.0,103.0,64.0,102.5,55.0,45.0,69.0,59.0,4.7,43885378223.0,178730166045.5,0.0,0.0,0.0,0.0,0.0,0.0,0.0,0.0,0.0,0.0,0.0,20.0,0.0,0.0,0.0,0.0,0.0,0.0,0.0,0.0,27
387.0,0.67,60.5,145279.0,330.0,0.89,68.0,164449.0,103.0,64.0,102.0,55.0,45.0,69.0,59.0,4.7,43913653144.5,178736722791.0,0.0,0.0,0.0,0.0,0.0,0.0,0.0,0.0,0.0,0.0,0.0,15.55,6.25,0.0,0.0,0.0,4.55,0.0,0.0,0.0,28
386.0,0.67,60.0,145279.0,330.0,0.9,68.0,164449.0,103.0,64.0,103.0,55.0,45.0,69.0,59.0,4.7,43946473037.0,178744325158.5,0.0,0.0,0.0,0.0,0.0,0.0,0.0,0.0,0.0,0.0,0.0,11.25,6.25,0.0,0.0,0.0,0.0,0.0,0.0,0.0,29
386.0,0.69,61.0,145279.0,330.0,0.9,68.25,164449.25,103.0,64.0,103.0,55.0,45.0,69.0,59.0,4.7,43987102312.25,178753733840.75,0.0,0.0,0.0,0.0,0.0,0.0,0.0,0.0,0.0,0.0,0.0,10.1,9.38,0.0,0.0,0.0,0.0,0.0,0.0,0.0,30
390.0,0.68,62.0,145279.0,330.0,0.9,69.0,164450.0,103.0,64.0,103.0,55.0,45.0,69.0,59.0,4.7,44034999818.5,178764831545.0,0.0,0.0,0.0,0.0,0.0,0.0,0.0,0.0,0.0,0.0,0.0,0.0,16.65,0.0,0.0,0.0,0.0,0.0,0.0,0.0,31
390.0,0.68,62.0,145279.0,330.0,0.89,68.0,164450.0,103.0,64.0,102.0,55.0,45.0,69.0,59.0,4.7,44065218247.0,178771765914.0,0.0,0.0,0.0,0.0,0.0,0.0,0.0,0.0,0.0,0.0,0.0,0.0,0.0,0.0,0.0,0.0,0.0,0.0,0.0,0.0,32
-,-,-,-,-,-,-,-,-,-,-,-,-,-,-,-,-,-,-,-,-,-,-,-,-,-,-,-,-,-,-,-,-,-,-,-,-,-,-
392.0,0.69,62.0,145279.0,328.0,0.89,68.0,164450.0,102.0,64.0,102.0,55.0,45.0,68.0,58.0,4.7,44293458629.0,178823663487.0,0.0,0.0,0.0,0.0,0.0,0.0,0.0,0.0,0.0,0.0,0.0,0.0,0.0,0.0,0.0,0.0,0.0,0.0,0.0,0.0,0
391.0,0.69,62.0,145279.0,326.0,0.9,68.0,164450.0,101.5,64.0,102.5,55.0,45.0,68.0,58.0,4.7,44323000759.5,178830478349.5,0.0,10.0,0.0,0.0,0.0,0.0,0.0,0.0,0.0,0.0,0.0,0.0,0.0,0.0,0.0,0.0,0.0,0.0,0.0,0.0,1
391.0,0.69,62.0,145279.0,330.0,0.89,69.0,164450.0,102.5,64.0,103.0,55.0,45.0,68.0,58.0,4.7,44363318405.0,178839787957.0,0.0,11.8,0.0,0.0,0.0,0.0,0.0,0.0,0.0,0.0,0.0,0.0,0.0,0.0,0.0,0.0,0.0,0.0,0.0,0.0,2
389.33,0.68,61.0,145279.0,330.0,0.9,69.0,164450.0,103.0,64.0,103.0,55.0,45.0,68.0,58.0,4.7,44407957665.0,178850105395.0,0.0,0.0,0.0,0.0,0.0,0.0,0.0,0.0,0.0,6.07,3.03,17.5,0.0,0.0,0.0,0.0,0.0,0.0,0.0,0.0,3
384.0,0.66,59.0,145279.0,330.0,0.9,69.0,164450.0,103.0,64.0,103.0,55.0,45.0,68.0,58.0,4.7,44445655444.0,178858822576.0,0.0,0.0,0.0,0.0,0.0,0.0,0.0,0.0,0.0,22.2,0.0,11.1,0.0,0.0,0.0,0.0,0.0,0.0,0.0,0.0,4
388.0,0.68,61.0,145279.0,329.0,0.9,69.0,164450.0,103.0,64.0,103.0,55.0,45.0,69.0,59.0,4.7,44472568237.33,178865023834.0,0.0,0.0,0.0,0.0,0.0,0.0,0.0,0.0,0.0,10.37,3.03,0.0,0.0,0.0,0.0,0.0,0.0,0.0,0.0,0.0,5
392.0,0.68,61.33,145279.0,331.0,0.9,69.0,164450.0,103.0,64.0,102.33,55.0,45.0,69.0,59.0,4.7,44514790541.67,178874794622.33,0.0,0.0,0.0,0.0,0.0,0.0,0.0,0.0,0.0,6.67,14.07,0.0,0.0,0.0,0.0,0.0,0.0,0.0,0.0,0.0,6
393.0,0.67,61.0,145279.0,331.0,0.9,69.0,164450.0,103.0,64.0,103.0,55.0,45.0,69.0,59.0,4.7,44556713449.0,178884477387.5,0.0,0.0,0.0,0.0,0.0,0.0,0.0,0.0,0.0,0.0,10.55,0.0,0.0,0.0,0.0,0.0,0.0,0.0,0.0,0.0,7
385.0,0.67,60.0,145279.0,331.0,0.9,69.0,164450.0,103.0,64.0,103.0,55.0,45.0,69.0,59.0,4.7,44592465493.5,178892738261.0,0.0,0.0,0.0,0.0,0.0,0.0,0.0,0.0,4.55,0.0,15.55,0.0,0.0,0.0,0.0,0.0,0.0,0.0,0.0,0.0,8
389.0,0.68,61.33,145279.0,331.0,0.9,69.0,164450.0,103.0,64.0,103.0,55.0,45.0,69.0,59.0,4.7,44622734947.33,178899743390.33,0.0,0.0,0.0,0.0,0.0,0.0,0.0,0.0,0.0,3.03,7.03,3.03,0.0,0.0,0.0,0.0,0.0,0.0,0.0,0.0,9
388.67,0.68,61.33,145279.0,330.67,0.9,69.0,164450.0,103.0,64.0,103.0,55.0,45.67,69.0,59.0,4.7,44660921067.67,178908565328.0,0.0,0.0,0.0,0.0,0.0,0.0,0.0,0.0,0.0,0.0,16.9,3.03,0.0,0.0,0.0,0.0,0.0,0.0,0.0,0.0,10
384.67,0.68,60.0,145279.0,330.0,0.9,69.0,164450.0,103.0,64.0,103.0,55.0,46.0,69.0,59.0,4.7,44699497669.67,178917467120.33,3.03,0.0,0.0,0.0,0.0,0.0,0.0,0.0,0.0,4.17,11.57,0.0,0.0,0.0,0.0,0.0,0.0,0.0,0.0,0.0,11
386.0,0.67,60.0,145279.0,330.0,0.9,69.0,164450.0,103.0,64.0,103.0,55.0,46.0,69.0,59.0,4.7,44736431677.33,178926012305.0,0.0,0.0,0.0,0.0,0.0,0.0,0.0,0.0,0.0,3.7,7.4,0.0,0.0,0.0,0.0,0.0,0.0,0.0,0.0,0.0,12
388.0,0.68,61.33,145279.0,330.0,0.9,69.0,164450.0,103.0,64.0,103.33,55.0,46.0,69.0,59.0,4.7,44772483445.0,178934314814.67,0.0,0.0,0.0,0.0,0.0,0.0,0.0,0.0,0.0,0.0,18.97,0.0,0.0,0.0,0.0,0.0,0.0,0.0,0.0,0.0,13
386.0,0.68,60.5,145279.0,330.0,0.9,68.5,164450.0,103.0,64.0,103.0,55.0,46.0,69.0,59.0,4.7,44814769093.0,178944084549.75,0.0,0.0,0.0,0.0,0.0,0.0,0.0,0.0,0.0,5.55,13.12,0.0,0.0,0.0,0.0,0.0,0.0,0.0,0.0,0.0,14
384.67,0.67,59.67,145279.0,330.67,0.9,68.33,164450.0,103.0,64.0,103.0,55.0,45.67,69.0,59.0,4.7,44856782647.33,178953777737.0,0.0,0.0,0.0,0.0,0.0,0.0,0.0,0.0,0.0,0.0,20.73,0.0,0.0,0.0,0.0,0.0,0.0,0.0,0.0,0.0,15
388.0,0.68,61.0,145279.0,332.0,0.89,69.0,164450.0,103.0,64.0,103.33,55.0,45.0,69.0,59.0,4.7,44895702551.0,178962749312.0,0.0,0.0,0.0,0.0,0.0,0.0,0.0,0.0,0.0,8.33,10.37,0.0,0.0,0.0,0.0,0.0,0.0,0.0,0.0,0.0,16
386.0,0.67,60.0,145279.0,330.0,0.89,68.0,164450.0,103.0,64.0,103.0,55.0,45.0,69.0,59.0,4.7,44934704027.5,178971739676.0,0.0,0.0,0.0,0.0,0.0,0.0,0.0,0.0,0.0,0.0,21.25,0.0,0.0,0.0,0.0,0.0,0.0,0.0,0.0,0.0,17
386.0,0.67,60.0,145279.5,330.0,0.9,68.5,164450.0,103.0,64.0,102.0,55.5,45.0,69.0,59.0,4.7,44975220068.0,178981093809.0,0.0,0.0,0.0,0.0,0.0,0.0,0.0,0.0,0.0,11.8,21.1,4.55,0.0,0.0,0.0,0.0,0.0,0.0,0.0,0.0,18
387.5,0.67,60.5,145280.0,330.0,0.9,69.0,164450.0,103.0,64.0,103.0,56.0,45.0,69.0,59.0,4.7,45015186396.0,178990318425.0,0.0,0.0,0.0,0.0,0.0,0.0,0.0,0.0,0.0,0.0,15.55,0.0,0.0,0.0,0.0,0.0,0.0,0.0,0.0,0.0,19
389.0,0.67,61.0,145280.0,330.0,0.9,69.0,164450.0,103.0,64.0,103.0,56.0,45.0,69.0,59.0,4.7,45054919906.5,178999497600.5,0.0,0.0,0.0,0.0,0.0,0.0,0.0,4.55,0.0,5.55,16.65,0.0,0.0,0.0,0.0,0.0,0.0,0.0,0.0,0.0,20
385.0,0.69,62.0,145280.0,330.0,0.89,68.0,164450.0,103.0,64.0,103.0,56.0,45.0,69.0,59.0,4.7,45083512057.0,179006121942.5,0.0,0.0,0.0,0.0,0.0,0.0,0.0,0.0,0.0,0.0,12.5,4.55,0.0,0.0,0.0,0.0,0.0,0.0,0.0,0.0,21
386.0,0.69,61.67,145280.0,330.0,0.89,68.33,164450.0,103.0,64.0,103.0,56.0,45.0,69.0,59.0,4.7,45113258777.0,179012983823.0,0.0,0.0,0.0,0.0,0.0,0.0,0.0,6.37,0.0,7.87,14.8,0.0,0.0,0.0,0.0,0.0,0.0,0.0,0.0,0.0,22
386.75,0.68,60.5,145280.0,330.0,0.9,69.0,164450.0,103.0,64.0,103.0,56.0,45.0,69.0,59.0,4.7,45155294893.5,179022696073.5,0.0,2.28,0.0,0.0,0.0,0.0,0.0,0.0,0.0,0.0,13.95,0.0,0.0,0.0,0.0,0.0,0.0,0.0,0.0,0.0,23
383.0,0.66,59.0,145280.0,330.0,0.9,69.0,164450.0,103.0,64.0,102.67,55.33,45.67,69.0,59.0,4.7,45197301530.67,179032407337.0,0.0,0.0,0.0,0.0,0.0,0.0,0.0,0.0,0.0,7.4,14.07,0.0,0.0,6.67,0.0,0.0,0.0,0.0,0.0,0.0,24
390.0,0.7,63.0,145280.0,330.67,0.9,69.0,164450.0,103.0,64.0,102.67,55.0,46.0,69.0,59.0,4.7,45233907963.33,179040873969.67,0.0,0.0,0.0,0.0,0.0,0.0,0.0,0.0,0.0,0.0,0.0,3.03,0.0,14.07,0.0,0.0,0.0,0.0,0.0,0.0,25
398.0,0.68,63.0,145280.0,331.0,0.9,69.0,164450.0,103.0,64.0,103.33,55.0,46.0,69.0,59.0,4.7,45269429967.33,179049084255.67,0.0,0.0,0.0,0.0,0.0,0.0,0.0,0.0,0.0,11.1,14.8,0.0,0.0,0.0,0.0,0.0,0.0,0.0,0.0,0.0,26
396.0,0.67,61.67,145280.0,330.0,0.9,69.0,164450.0,103.0,64.0,102.67,55.67,46.0,69.0,59.0,4.7,45305578291.67,179057459539.33,0.0,0.0,0.0,0.0,0.0,0.0,0.0,3.03,0.0,7.03,14.53,0.0,0.0,0.0,0.0,0.0,0.0,0.0,0.0,0.0,27
384.0,0.66,59.0,145280.0,331.33,0.9,69.0,164450.0,103.0,64.0,103.33,56.0,46.0,69.0,59.0,4.7,45341344537.33,179065718205.67,0.0,0.0,0.0,0.0,0.0,0.0,0.0,0.0,0.0,3.7,13.7,3.03,0.0,0.0,0.0,0.0,0.0,0.0,0.0,0.0,28
387.33,0.67,60.33,145280.0,331.33,0.9,69.0,164450.0,103.0,64.0,103.0,56.0,46.0,69.0,59.0,4.7,45377457888.67,179074057479.0,0.0,3.03,0.0,0.0,0.0,0.0,0.0,0.0,0.0,0.0,17.03,0.0,0.0,0.0,0.0,0.0,0.0,3.03,0.0,3.03,29
386.5,0.68,60.5,145280.0,330.0,0.9,68.75,164450.0,103.0,64.0,103.0,55.25,45.25,69.0,59.0,4.7,45420493448.5,179083991342.0,0.0,0.0,0.0,0.0,0.0,0.0,0.0,0.0,0.0,5.9,10.1,0.0,0.0,0.0,0.0,0.0,0.0,0.0,0.0,0.0,30
384.0,0.67,60.0,145280.0,330.0,0.9,68.0,164450.0,103.0,64.0,102.0,55.0,45.0,69.0,59.0,4.7,45464422795.0,179094154920.67,0.0,0.0,0.0,0.0,0.0,0.0,0.0,0.0,0.0,4.17,0.0,3.7,0.0,0.0,0.0,0.0,0.0,0.0,0.0,0.0,31
-,-,-,-,-,-,-,-,-,-,-,-,-,-,-,-,-,-,-,-,-,-,-,-,-,-,-,-,-,-,-,-,-,-,-,-,-,-,-
388.0,0.66,60.0,145280.0,327.0,0.89,68.0,164450.0,101.0,64.0,102.0,55.0,45.0,68.0,58.0,4.7,45701668770.0,179148661373.0,0.0,0.0,0.0,0.0,0.0,0.0,0.0,0.0,0.0,0.0,0.0,0.0,0.0,0.0,0.0,0.0,0.0,0.0,0.0,0.0,0
388.0,0.66,60.0,145280.0,326.5,0.9,68.0,164450.0,102.0,64.0,102.0,55.0,45.0,68.0,58.0,4.7,45727963014.0,179154734660.5,0.0,0.0,0.0,0.0,0.0,0.0,0.0,0.0,0.0,0.0,0.0,0.0,0.0,0.0,0.0,0.0,0.0,0.0,0.0,0.0,1
388.0,0.67,60.0,145280.0,326.0,0.9,68.0,164450.0,102.0,64.0,102.5,55.0,45.0,68.0,58.0,4.7,45755989583.5,179161218714.0,0.0,0.0,0.0,0.0,0.0,0.0,0.0,0.0,0.0,0.0,0.0,5.0,0.0,0.0,0.0,0.0,0.0,0.0,22.2,0.0,2
390.0,0.68,61.0,145280.0,328.0,0.9,68.0,164450.0,103.0,64.0,102.0,55.0,45.0,68.0,58.0,4.7,45788267852.0,179168699957.0,0.0,0.0,0.0,0.0,0.0,0.0,0.0,0.0,0.0,0.0,0.0,10.55,15.0,0.0,0.0,0.0,0.0,0.0,0.0,0.0,3
386.0,0.67,60.33,145280.0,330.0,0.9,68.0,164450.0,103.0,64.0,102.67,55.0,45.0,68.67,58.0,4.7,45828075265.33,179177929852.67,0.0,0.0,0.0,0.0,0.0,0.0,0.0,0.0,0.0,0.0,0.0,12.13,11.57,0.0,0.0,0.0,0.0,0.0,0.0,0.0,4
386.5,0.68,60.5,145280.0,330.0,0.89,68.0,164450.0,103.0,64.0,103.0,55.0,45.0,69.0,58.0,4.7,45865166184.5,179186519064.0,0.0,0.0,0.0,0.0,0.0,0.0,0.0,0.0,0.0,0.0,0.0,15.35,22.5,0.0,0.0,0.0,0.0,0.0,0.0,0.0,5
387.67,0.68,61.33,145280.0,330.0,0.9,68.0,164450.0,103.0,64.0,102.67,55.0,45.0,69.0,58.0,4.7,45907314015.33,179196272579.0,0.0,0.0,0.0,0.0,0.0,0.0,0.0,0.0,0.0,0.0,0.0,3.7,15.73,0.0,3.03,0.0,0.0,0.0,0.0,0.0,6
385.0,0.69,62.0,145280.0,329.5,0.9,68.5,164450.0,102.5,64.0,102.5,55.0,45.0,69.0,58.0,4.7,45946296744.0,179205298801.5,0.0,0.0,4.55,0.0,0.0,0.0,0.0,0.0,0.0,0.0,0.0,10.0,11.25,0.0,0.0,0.0,0.0,4.55,0.0,0.0,7
387.67,0.69,62.0,145280.0,329.0,0.9,69.0,164450.0,103.0,64.0,102.67,55.0,45.0,69.0,58.0,4.7,45976537430.33,179212299658.0,0.0,0.0,0.0,0.0,0.0,0.0,0.0,0.0,0.0,0.0,0.0,6.67,18.97,0.0,0.0,0.0,0.0,0.0,0.0,0.0,8
390.33,0.68,61.33,145280.0,328.0,0.9,69.0,164451.0,103.0,64.0,102.67,55.0,45.0,69.0,58.0,4.7,46015131000.33,179221241428.33,0.0,0.0,0.0,0.0,0.0,0.0,0.0,0.0,0.0,0.0,0.0,14.07,6.07,0.0,0.0,0.0,0.0,0.0,0.0,0.0,9
393.0,0.66,60.0,145280.0,330.0,0.89,68.0,164451.0,103.0,64.0,103.0,55.0,45.0,69.0,58.0,4.7,46058505441.5,179231307035.5,0.0,0.0,0.0,0.0,0.0,0.0,0.0,0.0,0.0,0.0,0.0,0.0,11.1,0.0,0.0,0.0,0.0,0.0,0.0,0.0,10
384.0,0.68,60.0,145280.0,329.67,0.89,68.0,164451.0,102.67,64.0,102.33,55.0,45.0,69.0,58.0,4.7,46094816261.67,179239726691.67,0.0,0.0,0.0,0.0,0.0,0.0,0.0,0.0,0.0,0.0,0.0,7.87,4.17,0.0,3.03,0.0,0.0,0.0,0.0,0.0,11
388.0,0.68,61.0,145280.0,329.0,0.9,68.0,164451.0,102.0,64.0,102.5,55.0,45.0,69.0,58.0,4.7,46135707331.5,179249225111.0,0.0,0.0,0.0,0.0,0.0,0.0,0.0,0.0,0.0,0.0,0.0,10.55,11.8,0.0,0.0,0.0,0.0,0.0,0.0,0.0,12
386.0,0.68,61.0,145280.0,328.0,0.9,68.0,164451.0,102.67,64.0,102.67,55.0,45.0,69.0,58.0,4.7,46171601201.0,179257544028.67,0.0,0.0,0.0,0.0,0.0,0.0,0.0,0.0,0.0,0.0,0.0,9.77,17.4,0.0,0.0,0.0,0.0,0.0,0.0,0.0,13
383.67,0.68,61.0,145280.0,331.0,0.9,69.0,164451.0,102.33,64.0,102.67,55.0,45.0,69.0,58.0,4.7,46211013087.33,179266684488.0,0.0,0.0,0.0,0.0,0.0,0.0,0.0,0.0,0.0,0.0,0.0,10.83,8.33,0.0,3.03,0.0,0.0,0.0,0.0,0.0,14
387.0,0.68,61.0,145280.0,329.5,0.9,68.5,164451.0,102.5,64.0,102.0,55.0,45.0,69.0,58.0,4.7,46249540200.0,179275617651.5,0.0,0.0,0.0,0.0,0.0,0.0,0.0,0.0,0.0,0.0,0.0,10.0,21.1,0.0,0.0,0.0,0.0,0.0,0.0,0.0,15
388.33,0.69,61.67,145280.0,328.67,0.89,68.0,164451.0,102.67,64.0,102.67,55.0,45.0,69.0,58.0,4.7,46287412651.67,179284407302.0,0.0,0.0,0.0,0.0,0.0,0.0,0.0,0.0,0.0,0.0,0.0,13.1,8.93,0.0,0.0,0.0,0.0,0.0,0.0,0.0,16
384.0,0.68,60.0,145280.0,330.0,0.89,68.0,164451.0,102.0,64.0,102.0,55.0,45.0,69.0,58.0,4.7,46327082513.0,179293607291.0,0.0,0.0,0.0,0.0,0.0,0.0,0.0,0.0,0.0,0.0,0.0,22.2,0.0,0.0,0.0,0.0,0.0,0.0,0.0,0.0,17
385.33,0.68,60.33,145280.0,329.33,0.9,68.67,164451.0,102.0,64.0,102.33,55.0,45.0,69.0,58.33,4.7,46355930746.33,179300322178.33,0.0,0.0,0.0,0.0,0.0,0.0,0.0,0.0,0.0,0.0,0.0,9.77,19.43,0.0,0.0,0.0,0.0,0.0,0.0,0.0,18
388.0,0.68,61.0,145280.0,328.5,0.9,68.5,164451.0,102.0,64.0,102.0,55.0,45.0,69.0,59.0,4.7,46396392027.5,179309740642.0,0.0,0.0,0.0,0.0,0.0,0.0,0.0,0.0,0.0,0.0,0.0,16.65,0.0,0.0,0.0,0.0,0.0,0.0,0.0,0.0,19
384.0,0.67,59.67,145280.0,328.33,0.9,68.0,164451.0,102.0,64.0,102.33,55.0,45.0,69.0,59.0,4.7,46434106551.0,179318503752.33,0.0,0.0,0.0,0.0,0.0,0.0,0.0,0.0,0.0,0.0,0.0,6.07,11.57,0.0,0.0,0.0,0.0,0.0,0.0,0.0,20
385.0,0.68,60.0,145280.0,329.0,0.89,68.0,164451.0,102.0,64.0,103.0,55.0,45.0,69.0,58.5,4.7,46472527910.5,179327418453.0,0.0,0.0,0.0,0.0,0.0,0.0,0.0,0.0,0.0,0.0,0.0,6.25,6.25,0.0,0.0,0.0,0.0,0.0,0.0,0.0,21
386.67,0.68,61.0,145280.0,329.0,0.9,68.67,164451.0,102.0,64.0,102.33,55.0,45.0,69.0,58.0,4.7,46508723873.0,179335827764.0,0.0,0.0,0.0,0.0,0.0,0.0,0.0,0.0,0.0,0.0,0.0,4.17,22.2,0.0,0.0,0.0,0.0,0.0,0.0,0.0,22
384.0,0.68,61.0,145280.0,329.5,0.9,68.5,164451.0,102.0,64.0,102.5,55.0,45.0,69.0,58.0,4.7,46549705752.5,179345335979.5,0.0,0.0,0.0,0.0,0.0,0.0,0.0,0.0,0.0,0.0,0.0,5.55,16.1,0.0,0.0,0.0,0.0,0.0,0.0,0.0,23
383.33,0.67,59.0,145280.0,330.0,0.89,68.0,164451.0,102.67,64.0,102.67,55.0,45.0,69.0,58.0,4.7,46585928041.33,179353749206.67,0.0,0.0,0.0,0.0,0.0,0.0,0.0,0.0,0.0,0.0,0.0,13.93,11.43,0.0,0.0,0.0,0.0,0.0,0.0,0.0,24
385.0,0.66,59.0,145280.0,332.0,0.9,69.0,164451.0,103.0,64.0,102.5,55.0,45.0,69.0,58.0,4.7,46631285744.0,179364290490.0,0.0,0.0,0.0,5.55,0.0,0.0,0.0,0.0,0.0,0.0,0.0,5.0,0.0,0.0,0.0,0.0,0.0,0.0,0.0,0.0,25
384.5,0.67,60.0,145280.0,330.0,0.9,69.0,164451.0,102.5,64.0,102.5,55.0,45.0,69.0,58.0,4.7,46667306617.5,179372653780.5,0.0,0.0,0.0,17.35,0.0,0.0,0.0,0.0,0.0,0.0,0.0,0.0,0.0,0.0,0.0,0.0,0.0,0.0,0.0,0.0,26
382.0,0.67,60.0,145280.0,330.0,0.9,69.0,164451.0,103.0,64.0,102.67,55.0,45.0,69.0,58.0,4.7,46697796855.0,179379721186.0,0.0,0.0,0.0,18.97,0.0,0.0,0.0,0.0,0.0,0.0,0.0,10.37,0.0,0.0,0.0,0.0,0.0,0.0,0.0,0.0,27
390.0,0.69,63.0,145280.0,330.0,0.9,69.0,164451.0,102.67,64.0,102.33,55.0,45.0,69.0,58.0,4.7,46733730336.33,179388042067.0,0.0,0.0,0.0,6.67,0.0,0.0,0.0,0.0,0.0,0.0,0.0,13.33,0.0,0.0,0.0,0.0,0.0,0.0,0.0,0.0,28
392.0,0.69,63.0,145280.0,328.0,0.89,68.0,164451.0,102.0,64.0,102.67,55.0,45.0,69.0,58.0,4.7,46772133131.0,179396981070.0,0.0,0.0,0.0,0.0,0.0,0.0,0.0,0.0,0.0,0.0,0.0,6.67,7.4,0.0,0.0,0.0,0.0,0.0,0.0,0.0,29
389.5,0.68,61.5,145280.0,329.0,0.9,68.5,164451.0,103.0,64.0,102.0,55.0,45.0,69.0,58.0,4.7,46820450726.0,179408203006.0,0.0,0.0,0.0,0.0,0.0,0.0,0.0,0.0,0.0,0.0,0.0,10.0,11.1,0.0,0.0,0.0,0.0,0.0,0.0,0.0,30
386.0,0.67,60.0,145280.0,330.5,0.9,69.0,164451.0,102.5,64.0,101.5,55.0,45.0,69.0,58.0,4.7,46862019345.0,179417859628.0,0.0,0.0,0.0,0.0,0.0,0.0,0.0,0.0,0.0,0.0,0.0,5.55,6.25,0.0,4.55,0.0,0.0,0.0,0.0,0.0,31
-,-,-,-,-,-,-,-,-,-,-,-,-,-,-,-,-,-,-,-,-,-,-,-,-,-,-,-,-,-,-,-,-,-,-,-,-,-,-
390.67,0.68,62.33,145280.0,328.67,0.9,68.67,164451.0,101.67,64.0,101.0,55.0,45.0,68.0,58.0,4.7,47107774016.0,179474411414.0,0.0,0.0,0.0,0.0,0.0,0.0,0.0,0.0,0.0,0.0,0.0,0.0,0.0,0.0,0.0,0.0,0.0,0.0,0.0,0.0,0
390.0,0.67,61.0,145280.0,330.0,0.89,68.0,164451.0,102.0,64.0,103.0,55.0,45.0,68.0,58.0,4.7,47145080784.5,179483020563.0,0.0,0.0,0.0,0.0,0.0,0.0,0.0,0.0,0.0,0.0,0.0,0.0,0.0,0.0,10.0,0.0,0.0,0.0,5.55,0.0,1
388.0,0.67,60.33,145280.67,331.0,0.9,69.0,164451.0,103.0,64.0,103.0,55.0,45.0,68.0,58.0,4.7,47182935831.0,179491817741.33,0.0,0.0,0.0,0.0,0.0,0.0,0.0,0.0,0.0,0.0,0.0,0.0,0.0,0.0,14.07,0.0,0.0,0.0,0.0,0.0,2
388.0,0.68,60.5,145281.0,331.0,0.9,69.0,164451.0,103.0,64.0,103.5,55.0,45.0,69.0,59.0,4.7,47224959151.0,179501543312.5,0.0,0.0,0.0,0.0,0.0,0.0,0.0,0.0,0.0,0.0,0.0,0.0,0.0,0.0,5.55,0.0,0.0,0.0,0.0,0.0,3
389.0,0.68,61.0,145281.0,330.5,0.9,68.5,164451.0,103.0,64.0,103.0,55.0,45.0,69.0,59.0,4.7,47264809421.0,179510782546.5,0.0,0.0,0.0,0.0,0.0,0.0,0.0,0.0,0.0,5.0,0.0,0.0,0.0,0.0,12.5,0.0,0.0,0.0,0.0,0.0,4
391.0,0.69,62.0,145281.0,329.67,0.89,67.67,164451.0,103.0,64.0,103.33,55.0,45.0,69.0,59.0,4.7,47301437745.33,179519270083.67,0.0,0.0,0.0,0.0,0.0,0.0,0.0,0.0,0.0,0.0,0.0,0.0,0.0,0.0,18.5,0.0,0.0,0.0,0.0,0.0,5
389.0,0.69,62.0,145281.0,329.0,0.88,67.0,164451.0,103.0,64.0,103.0,55.0,45.0,69.0,59.0,4.7,47338644376.0,179527906191.0,0.0,0.0,0.0,0.0,0.0,0.0,0.0,0.0,0.0,0.0,0.0,0.0,0.0,0.0,22.2,0.0,0.0,0.0,0.0,0.0,6
389.0,0.69,62.0,145281.0,329.5,0.88,67.0,164451.0,103.0,64.0,103.0,55.0,45.0,69.0,59.0,4.7,47369194591.0,179535001051.5,0.0,0.0,0.0,0.0,0.0,0.0,0.0,0.0,0.0,0.0,0.0,0.0,0.0,0.0,11.1,0.0,0.0,0.0,0.0,0.0,7
388.67,0.68,60.67,145281.0,330.67,0.89,68.33,164451.0,103.0,64.0,102.67,55.0,45.0,69.0,59.0,4.7,47414811824.67,179545595415.33,0.0,0.0,0.0,0.0,0.0,0.0,0.0,0.0,0.0,3.03,0.0,0.0,0.0,0.0,12.03,0.0,0.0,0.0,7.87,0.0,8
384.0,0.67,60.0,145281.0,331.0,0.9,69.0,164451.0,103.0,64.0,103.0,55.0,45.0,69.0,59.0,4.7,47453712746.0,179554616938.0,0.0,0.0,0.0,0.0,0.0,0.0,0.0,0.0,0.0,10.0,9.1,0.0,0.0,0.0,0.0,0.0,0.0,0.0,11.1,0.0,9
389.33,0.68,61.33,145281.0,330.0,0.9,69.0,164451.0,103.0,64.0,102.67,55.0,45.0,69.0,59.0,4.7,47485433571.67,179561993241.0,0.0,0.0,0.0,0.0,0.0,0.0,0.0,3.03,0.0,0.0,0.0,0.0,0.0,0.0,0.0,0.0,0.0,0.0,18.97,0.0,10
389.0,0.68,61.5,145281.0,330.0,0.89,68.0,164451.0,103.0,64.0,102.5,55.0,45.5,69.0,58.5,4.7,47523180800.0,179570777601.5,0.0,0.0,0.0,0.0,0.0,0.0,0.0,4.55,0.0,0.0,0.0,0.0,0.0,0.0,0.0,0.0,0.0,0.0,21.1,0.0,11
386.0,0.68,61.0,145281.0,330.33,0.89,68.0,164451.0,102.33,64.0,102.33,55.0,46.0,69.0,58.0,4.7,47553454658.0,179577798132.33,0.0,0.0,0.0,0.0,0.0,0.0,0.0,0.0,0.0,0.0,0.0,0.0,0.0,0.0,0.0,0.0,0.0,0.0,20.2,0.0,12
386.0,0.67,60.0,145281.0,331.0,0.89,68.0,164451.0,102.0,64.0,102.33,55.0,46.0,69.0,58.0,4.7,47589655188.0,179586211603.67,0.0,0.0,0.0,0.0,0.0,0.0,0.0,6.07,0.0,0.0,0.0,0.0,0.0,0.0,0.0,0.0,0.0,0.0,11.57,0.0,13
389.0,0.67,60.75,145281.0,328.0,0.9,68.0,164451.0,103.0,64.0,103.0,55.0,45.25,69.0,58.0,4.7,47631637003.75,179595948405.25,0.0,0.0,0.0,0.0,0.0,0.0,0.0,0.0,0.0,0.0,0.0,0.0,0.0,0.0,0.0,0.0,0.0,0.0,17.0,0.0,14
387.33,0.67,60.33,145281.0,329.67,0.9,68.67,164451.0,103.0,64.0,103.33,55.0,45.0,69.0,58.0,4.7,47673692631.67,179605707546.0,0.0,0.0,0.0,0.0,0.0,0.0,0.0,0.0,0.0,0.0,0.0,0.0,0.0,0.0,0.0,0.0,0.0,0.0,15.73,0.0,15
382.0,0.67,59.0,145281.0,331.0,0.9,69.0,164451.0,103.0,64.0,102.67,55.0,45.0,69.0,58.0,4.7,47709710910.67,179614078129.67,3.03,0.0,0.0,0.0,0.0,0.0,0.0,0.0,0.0,0.0,0.0,3.03,0.0,0.0,0.0,0.0,0.0,0.0,22.2,0.0,16
388.0,0.68,61.0,145281.0,331.0,0.9,69.0,164451.0,103.0,64.0,103.0,55.0,45.0,69.0,58.0,4.7,47745720177.33,179622447147.67,0.0,0.0,0.0,0.0,0.0,0.0,0.0,0.0,0.0,0.0,0.0,0.0,0.0,0.0,0.0,0.0,0.0,0.0,3.7,13.27,17
386.0,0.69,61.0,145281.0,331.0,0.9,69.0,164451.0,103.0,64.0,103.0,55.0,45.0,69.0,58.0,4.7,47782450918.33,179630982708.67,0.0,0.0,0.0,3.7,0.0,0.0,0.0,0.0,0.0,0.0,0.0,0.0,0.0,0.0,0.0,0.0,0.0,0.0,4.17,6.67,18
383.67,0.68,60.0,145281.0,331.0,0.9,69.0,164451.0,103.0,64.0,103.33,55.0,45.0,69.0,58.0,4.7,47818567972.67,179639374248.33,0.0,0.0,0.0,0.0,0.0,0.0,0.0,0.0,0.0,3.03,0.0,0.0,0.0,0.0,0.0,0.0,0.0,0.0,10.37,11.1,19
381.0,0.66,58.0,145281.0,331.0,0.89,69.0,164451.0,103.0,64.0,102.67,55.0,45.0,69.0,59.0,4.7,47855054736.33,179647839863.67,0.0,0.0,0.0,0.0,0.0,0.0,0.0,0.0,0.0,0.0,0.0,0.0,0.0,0.0,0.0,0.0,0.0,0.0,14.53,4.17,20
395.0,0.7,64.0,145281.0,330.0,0.9,69.0,164451.0,103.0,64.0,103.0,55.0,45.0,69.0,59.0,4.7,47890802020.33,179656133523.33,0.0,0.0,0.0,0.0,0.0,0.0,0.0,0.0,0.0,0.0,0.0,0.0,0.0,0.0,0.0,0.0,0.0,0.0,3.7,19.17,21
385.0,0.67,60.0,145281.0,330.67,0.9,69.0,164451.67,103.0,64.0,102.67,55.0,45.0,69.0,59.0,4.7,47927437384.0,179664640683.67,0.0,0.0,0.0,0.0,3.03,0.0,0.0,0.0,0.0,0.0,0.0,0.0,0.0,0.0,0.0,0.0,0.0,0.0,8.33,22.2,22
381.0,0.66,58.5,145281.0,329.5,0.9,68.5,164452.0,103.0,64.0,102.75,55.0,45.0,69.0,59.0,4.7,47969342590.75,179674363655.5,0.0,0.0,0.0,0.0,0.0,0.0,0.0,0.0,0.0,0.0,0.0,0.0,0.0,0.0,0.0,0.0,0.0,0.0,5.28,10.9,23
384.0,0.67,60.0,145281.0,329.0,0.9,68.33,164452.0,103.0,64.0,102.67,55.0,45.0,69.0,59.0,4.7,48011292230.67,179684104948.33,0.0,0.0,0.0,0.0,0.0,0.0,0.0,0.0,0.0,3.03,0.0,0.0,0.0,0.0,0.0,0.0,0.0,0.0,0.0,15.73,24
383.0,0.67,60.0,145281.0,331.0,0.9,69.0,164452.0,103.0,64.0,103.0,55.0,45.0,69.0,59.0,4.7,48047500390.33,179692499071.33,0.0,0.0,0.0,0.0,0.0,0.0,0.0,0.0,0.0,0.0,0.0,0.0,0.0,0.0,0.0,0.0,3.03,0.0,7.4,7.87,25
385.0,0.69,61.33,145281.0,332.0,0.89,69.0,164452.0,103.0,64.0,102.67,55.0,45.0,69.0,59.0,4.7,48083769889.67,179700913926.33,0.0,0.0,0.0,0.0,0.0,0.0,0.0,0.0,0.0,3.33,0.0,0.0,0.0,0.0,0.0,0.0,0.0,0.0,18.97,0.0,26
387.33,0.69,62.0,145281.0,331.33,0.89,69.0,164452.0,103.0,64.0,103.0,55.0,45.0,69.0,59.0,4.7,48121690101.0,179709706852.0,0.0,0.0,0.0,0.0,0.0,0.0,0.0,0.0,0.0,0.0,0.0,0.0,0.0,0.0,0.0,0.0,0.0,0.0,20.67,0.0,27
388.0,0.68,61.0,145281.0,329.0,0.9,68.33,164452.0,103.0,64.0,103.0,55.0,45.0,69.0,59.0,4.7,48163506176.33,179719413675.67,0.0,0.0,0.0,0.0,0.0,0.0,0.0,3.03,0.0,3.33,0.0,0.0,0.0,0.0,0.0,0.0,0.0,0.0,0.0,17.77,28
384.0,0.67,59.0,145281.0,327.0,0.89,67.0,164452.0,103.0,64.0,103.0,55.0,45.0,69.0,59.0,4.7,48197562160.5,179727334788.0,0.0,8.35,0.0,0.0,0.0,0.0,0.0,0.0,0.0,0.0,0.0,0.0,0.0,0.0,0.0,0.0,0.0,0.0,6.25,5.0,29
394.67,0.69,63.0,145281.0,329.0,0.9,68.33,164452.0,103.0,64.0,103.0,55.0,45.0,69.0,59.0,4.7,48236601041.67,179736405006.0,0.0,0.0,0.0,0.0,0.0,0.0,0.0,3.03,0.0,3.33,0.0,0.0,0.0,0.0,0.0,0.0,0.0,0.0,15.27,3.7,30
400.0,0.7,65.0,145281.0,330.0,0.9,69.0,164452.0,103.0,64.0,102.0,56.0,45.0,69.0,59.0,4.7,48270778281.0,179744416684.0,0.0,0.0,0.0,0.0,0.0,0.0,0.0,9.1,0.0,0.0,0.0,0.0,0.0,0.0,0.0,0.0,0.0,0.0,0.0,0.0,31
-,-,-,-,-,-,-,-,-,-,-,-,-,-,-,-,-,-,-,-,-,-,-,-,-,-,-,-,-,-,-,-,-,-,-,-,-,-,-
388.0,0.67,60.0,145281.0,328.0,0.89,68.0,164452.0,101.0,64.0,102.0,55.0,45.0,68.0,58.0,4.7,48496445825.0,179796877120.5,0.0,0.0,0.0,0.0,0.0,0.0,0.0,0.0,0.0,0.0,0.0,0.0,0.0,0.0,0.0,0.0,0.0,0.0,0.0,0.0,0
386.0,0.67,60.0,145281.0,327.5,0.9,68.0,164452.0,102.0,64.0,101.0,55.0,45.0,68.0,58.0,4.7,48527642065.0,179804162136.0,0.0,0.0,0.0,0.0,0.0,4.55,11.1,0.0,0.0,0.0,0.0,0.0,0.0,0.0,0.0,0.0,0.0,0.0,0.0,0.0,1
384.0,0.67,60.0,145281.0,327.0,0.9,68.0,164452.0,102.5,64.0,102.5,55.0,45.0,68.0,58.0,4.7,48567395716.5,179813409213.5,0.0,0.0,0.0,0.0,0.0,0.0,19.9,0.0,0.0,0.0,0.0,0.0,0.0,0.0,0.0,0.0,0.0,0.0,0.0,0.0,2
384.0,0.67,60.0,145281.0,330.0,0.9,69.0,164452.0,103.0,64.0,102.33,55.0,45.0,69.0,58.0,4.7,48601699736.67,179821376447.67,0.0,0.0,0.0,0.0,0.0,0.0,18.23,0.0,0.0,0.0,0.0,0.0,0.0,0.0,3.03,0.0,0.0,0.0,0.0,0.0,3
388.0,0.68,60.67,145281.0,332.0,0.9,69.0,164452.0,103.0,64.0,102.67,55.0,45.0,69.0,58.0,4.7,48646267147.67,179831727556.33,0.0,3.7,0.0,0.0,0.0,0.0,10.37,0.0,0.0,0.0,0.0,0.0,0.0,0.0,0.0,0.0,0.0,0.0,3.33,0.0,4
385.0,0.67,60.0,145281.0,332.0,0.9,69.0,164452.0,102.0,64.0,103.0,55.0,45.0,69.0,59.0,4.7,48686402278.0,179841056207.0,0.0,0.0,0.0,0.0,0.0,0.0,0.0,9.1,0.0,0.0,0.0,0.0,0.0,0.0,9.1,0.0,0.0,0.0,20.0,0.0,5
385.0,0.67,60.0,145281.0,331.0,0.9,69.0,164452.0,102.0,64.0,102.5,55.0,45.0,69.0,59.0,4.7,48716687113.0,179848085668.5,0.0,0.0,0.0,0.0,0.0,0.0,0.0,0.0,0.0,0.0,0.0,0.0,0.0,0.0,0.0,0.0,0.0,0.0,0.0,5.55,6
388.0,0.69,62.0,145281.0,329.0,0.88,67.0,164452.0,103.0,64.0,102.5,55.0,45.0,69.0,59.0,4.7,48756579833.0,179857353071.0,0.0,0.0,0.0,0.0,0.0,0.0,0.0,0.0,0.0,0.0,0.0,0.0,0.0,0.0,4.55,0.0,0.0,0.0,0.0,0.0,7
384.0,0.67,60.0,145281.0,330.0,0.9,69.0,164452.0,103.0,64.0,102.5,55.5,45.0,69.0,58.5,4.7,48788677804.0,179864799859.5,0.0,0.0,0.0,0.0,0.0,0.0,0.0,0.0,0.0,0.0,0.0,0.0,0.0,0.0,4.55,0.0,0.0,0.0,0.0,11.8,8
389.33,0.68,61.33,145281.0,330.0,0.9,69.0,164452.0,103.0,64.0,103.0,56.0,45.0,69.0,58.0,4.7,48830580091.33,179874543405.67,0.0,0.0,0.0,0.0,0.0,3.03,0.0,0.0,0.0,0.0,0.0,0.0,0.0,0.0,0.0,0.0,0.0,0.0,0.0,3.7,9
390.33,0.68,61.33,145281.0,330.0,0.9,69.0,164452.0,103.0,64.0,102.33,56.0,45.0,69.0,58.0,4.7,48866920249.0,179882979622.67,0.0,0.0,0.0,0.0,0.0,0.0,0.0,0.0,0.0,0.0,0.0,0.0,0.0,0.0,3.03,0.0,0.0,7.4,0.0,14.07,10
387.0,0.67,60.0,145281.0,330.0,0.9,69.0,164452.0,103.0,64.0,103.0,55.0,45.0,69.0,59.0,4.7,48908785773.0,179892734663.0,4.55,0.0,0.0,0.0,0.0,0.0,0.0,0.0,0.0,0.0,0.0,0.0,0.0,0.0,0.0,0.0,0.0,0.0,4.55,16.65,11
387.0,0.69,62.0,145281.0,329.5,0.88,67.5,164452.0,103.0,64.0,103.0,55.0,45.0,69.0,59.0,4.7,48940799637.5,179900175257.0,0.0,0.0,0.0,0.0,0.0,0.0,0.0,0.0,0.0,0.0,0.0,5.0,0.0,0.0,0.0,0.0,0.0,0.0,0.0,11.1,12
388.67,0.69,62.33,145281.0,329.67,0.88,67.0,164452.0,103.0,64.0,103.0,55.0,45.0,69.0,59.0,4.7,48980161292.0,179909311322.0,0.0,0.0,0.0,0.0,0.0,0.0,0.0,0.0,0.0,0.0,0.0,0.0,0.0,0.0,0.0,0.0,0.0,0.0,3.33,10.37,13
392.0,0.69,63.0,145281.0,331.0,0.9,69.0,164452.0,103.0,64.0,103.0,55.0,45.0,69.0,59.0,4.7,49021370873.0,179918881569.0,0.0,0.0,0.0,0.0,0.0,0.0,0.0,0.0,0.0,0.0,0.0,0.0,0.0,0.0,0.0,0.0,0.0,0.0,9.55,0.0,14
386.0,0.68,61.0,145281.0,332.0,0.89,68.0,164452.0,103.0,64.0,103.0,55.0,45.0,69.0,59.0,4.7,49059120196.67,179927665461.67,0.0,0.0,0.0,0.0,0.0,0.0,0.0,0.0,0.0,0.0,0.0,0.0,0.0,0.0,0.0,0.0,0.0,0.0,6.67,14.53,15
388.0,0.68,61.0,145281.0,331.0,0.9,68.5,164452.0,103.0,64.0,102.5,55.0,45.0,69.0,59.0,4.7,49097792491.0,179936647179.0,0.0,0.0,0.0,0.0,0.0,0.0,0.0,0.0,0.0,0.0,0.0,0.0,0.0,0.0,0.0,0.0,0.0,0.0,5.0,12.5,16
386.67,0.68,60.67,145281.0,330.33,0.89,68.67,164452.0,103.0,64.0,103.33,55.0,45.0,69.0,59.0,4.7,49133389110.33,179944911409.67,0.0,0.0,0.0,0.0,0.0,0.0,0.0,0.0,0.0,0.0,0.0,0.0,0.0,0.0,0.0,0.0,0.0,0.0,0.0,17.5,17
385.33,0.68,60.67,145281.0,331.0,0.88,68.0,164452.0,103.0,64.0,102.67,55.0,45.0,69.0,59.0,4.7,49172732434.33,179954042103.67,0.0,0.0,0.0,0.0,0.0,0.0,0.0,0.0,0.0,0.0,3.03,0.0,0.0,0.0,0.0,0.0,0.0,0.0,7.87,13.7,18
388.0,0.69,62.0,145281.0,330.0,0.9,69.0,164452.0,103.0,64.0,102.0,55.0,45.0,69.0,59.0,4.7,49205077892.0,179961536855.0,0.0,0.0,0.0,0.0,0.0,0.0,0.0,0.0,0.0,0.0,0.0,0.0,0.0,0.0,0.0,0.0,0.0,0.0,0.0,20.0,19
386.75,0.68,61.0,145281.0,330.75,0.9,69.0,164452.0,103.0,64.0,102.5,55.0,45.5,69.0,58.5,4.7,49249512867.25,179971888009.75,0.0,0.0,0.0,0.0,0.0,10.0,0.0,0.0,0.0,0.0,0.0,0.0,0.0,0.0,0.0,0.0,0.0,0.0,2.78,10.0,20
385.5,0.68,60.0,145281.0,331.5,0.9,69.0,164452.0,103.0,64.0,103.0,55.0,46.0,69.0,58.0,4.7,49293947842.5,179982239164.5,0.0,0.0,0.0,0.0,0.0,20.0,0.0,0.0,0.0,0.0,0.0,0.0,0.0,0.0,0.0,0.0,0.0,0.0,5.55,0.0,21
387.0,0.67,60.0,145281.5,330.5,0.9,68.0,164452.0,103.0,64.0,103.5,55.0,45.0,69.0,59.0,4.7,49330947595.0,179990822180.5,0.0,0.0,0.0,0.0,0.0,16.65,0.0,0.0,0.0,0.0,0.0,0.0,0.0,0.0,0.0,0.0,0.0,0.0,9.1,0.0,22
388.0,0.68,61.0,145282.0,330.0,0.9,68.0,164452.0,103.0,64.0,103.0,55.0,45.0,69.0,59.0,4.7,49360912311.33,179997788878.33,0.0,0.0,0.0,0.0,3.03,3.7,0.0,3.03,0.0,0.0,0.0,0.0,0.0,0.0,0.0,0.0,0.0,0.0,7.4,6.67,23
386.0,0.69,62.0,145282.0,330.0,0.9,69.0,164452.0,103.0,64.0,103.33,55.0,45.0,69.0,59.0,4.7,49399987121.67,180006847428.67,0.0,0.0,0.0,0.0,0.0,0.0,0.0,0.0,0.0,0.0,0.0,0.0,0.0,0.0,0.0,0.0,0.0,0.0,0.0,14.07,24
388.0,0.68,61.5,145282.0,329.5,0.89,68.0,164452.0,103.0,64.0,103.0,55.0,45.0,69.0,59.0,4.7,49443359996.0,180016888734.0,0.0,0.0,0.0,0.0,0.0,0.0,0.0,0.0,0.0,0.0,0.0,0.0,0.0,0.0,0.0,0.0,0.0,0.0,0.0,17.35,25
390.0,0.68,61.0,145282.0,329.0,0.88,67.0,164452.0,103.0,64.0,103.0,55.0,45.0,69.0,59.0,4.7,49475457143.0,180024329938.0,0.0,0.0,0.0,0.0,0.0,0.0,0.0,0.0,0.0,0.0,0.0,0.0,0.0,0.0,0.0,0.0,0.0,0.0,0.0,11.1,26
386.0,0.67,60.0,145282.0,332.0,0.89,69.0,164452.0,103.0,64.0,102.67,55.33,45.0,69.0,59.0,4.7,49513202102.67,180033071137.0,0.0,0.0,0.0,0.0,3.03,0.0,0.0,0.0,0.0,0.0,0.0,0.0,0.0,0.0,0.0,0.0,0.0,0.0,4.17,18.97,27
385.0,0.69,61.0,145282.0,332.0,0.89,69.0,164452.0,103.0,64.0,103.0,56.0,45.0,69.0,59.0,4.7,49549783999.67,180041528797.33,0.0,0.0,0.0,0.0,0.0,0.0,0.0,0.0,0.0,0.0,0.0,0.0,0.0,0.0,3.03,0.0,0.0,0.0,0.0,14.53,28
386.5,0.68,60.5,145282.0,332.0,0.89,69.0,164452.0,103.0,64.0,102.5,56.0,45.0,69.0,59.0,4.7,49592518641.5,180051436100.0,0.0,0.0,0.0,0.0,0.0,0.0,0.0,0.0,0.0,0.0,0.0,0.0,0.0,0.0,0.0,0.0,0.0,0.0,0.0,10.0,29
388.0,0.67,60.0,145282.0,331.0,0.9,69.0,164452.0,103.0,64.0,102.5,56.0,45.5,69.0,59.0,4.7,49632874709.0,180060789836.0,0.0,0.0,0.0,0.0,0.0,0.0,0.0,0.0,0.0,0.0,0.0,0.0,0.0,0.0,4.55,0.0,0.0,0.0,6.25,15.55,30
383.0,0.66,59.0,145282.0,330.0,0.9,69.0,164452.0,103.0,64.0,103.0,56.0,46.0,69.0,59.0,4.7,49662818907.0,180067741723.0,0.0,0.0,0.0,0.0,0.0,0.0,0.0,0.0,0.0,0.0,0.0,0.0,0.0,0.0,0.0,0.0,0.0,0.0,11.1,10.0,31
-,-,-,-,-,-,-,-,-,-,-,-,-,-,-,-,-,-,-,-,-,-,-,-,-,-,-,-,-,-,-,-,-,-,-,-,-,-,-
